peer	index	timestamp	data
0	0	1640207751.187431	CAESFwAAAAD13RMAkGePZwIAAQA3MuQ2R0wPKNbiqMqO3tSTXVoA
1	0	1640207751.188398	CAESFwAAAADrIxMAj2eQZwIAAAA3IQ9qBQYQKO/X14HCqKyb3wFaAA==
0	1	1640207751.22949	CAESFwAAAADGuRMAkWeQZwIAAQA3QXDsR0wPKJyt9KTzzs/J/gFaAA==
1	1	1640207751.238969	CAESFwAAAADGkhMAkGeSZwIAAAA3MuQ2BQYQKMz2sMmJka3IQFoA
0	2	1640207751.271134	CAESFwAAAADYNxMAkmeRZwIAAQA3Uk5sR0wPKPOHwtqz26DIOloA
1	2	1640207751.272468	CAESFwAAAACSdBMAkWeSZwIAAAA3QXDsBQYQKIG0rZeqvNfu5QFaAA==
0	3	1640207751.313467	CAESFwAAAACLERMAk2eSZwIAAQA3YbljR0wPKPPvps7Vwo/4JFoA
1	3	1640207751.32265	CAESFwAAAACp6xMAkmeUZwIAAAA3Uk5sBQYQKKzj/f+RrPKmC1oA
0	4	1640207751.356888	CAESFwAAAAAtJxMAlGeTZwIAAQA3ctV8R0wPKMqS1NScspv6BVoA
1	4	1640207751.372203	CAESFwAAAABcxRMAk2eVZwIAAAA3YbljBQYQKJ/nmpCmgejUWFoA
0	5	1640207751.397351	CAESFwAAAABY7xMAlWeUZwIAAQA3gSEsR0wPKLGg1dunpNzpK1oA
1	5	1640207751.4051	CAESFwAAAAD92xMAlGeWZwIAAAA3ctV8BQYQKOiwqtOgj52j5gFaAA==
0	6	1640207751.440628	CAESFwAAAAAc6RMAlmeVZwIAAQA3ksa1R0wPKKzTv9SvrfqxC1oA
1	6	1640207751.45476	CAESFwAAAAA4lBMAlWeXZwIAAAA3gSEsBgYQKImuiYrqmcfELloA
0	7	1640207751.480953	CAESFwAAAABvhBMAl2eWZwIAAQA3oT4/R0wPKPu2w4ujjue7F1oA
1	7	1640207751.488953	CAESFwAAAAD7jhMAlmeYZwIAAAA3ksa1BgYQKJqT946F/JTNpAFaAA==
0	8	1640207751.524499	CAESFwAAAABEeBMAmGeXZwIAAQA3sjhpR0wPKPvNrp/05O+9pwFaAA==
1	8	1640207751.538948	CAESFwAAAABPKRMAl2eZZwIAAAA3oT4/BgYQKMCAxaju1LXPcloA
0	9	1640207751.564564	CAESFwAAAABSTxMAmWeYZwIAAQA3wW1EQUwPKPmmrdX5s6/PhAFaAA==
1	9	1640207751.572562	CAESFwAAAAAkHRMAmGeaZwIAAAA3sjhpBgYQKJrh3LLFpaPqW1oA
0	10	1640207751.606348	CAESFwAAAAByThMAmmeZZwIAAQA30mMcQUwPKIC5uujjlbjk/AFaAA==
1	10	1640207751.624032	CAESFwAAAACMkxMAmWebZwIAAAA3wW1EBgYQKN/8l5CvubTIbloA
0	11	1640207751.654148	CAESFwAAAAAgjxMAm2eaZwIAAQA34XINQUwPKKTC/ILT1JbU1AFaAA==
1	11	1640207751.656373	CAESFwAAAADyjBMAmmebZwIAAAA30mMcxgYQKMKF7bvDvrOm+gFaAA==
0	12	1640207751.691309	CAESFwAAAAAB2RMAnGebZwIAAQA38v5CQUwPKPub1fOKxpLKZVoA
1	12	1640207751.706227	CAESFwAAAAClxxMAm2edZwIAAAA34XINxgYQKJPvi/vsv4LzzwFaAA==
0	13	1640207751.737658	CAESFwAAAAA9NRMAnWecZwIAAQA3AUhRQUwPKIe9w6GmvdjfFFoA
1	13	1640207751.738999	CAESFwAAAACBGBMAnGedZwIAAAA38v5CxgYQKN6Mzd+qrdmMzgFaAA==
0	14	1640207751.776607	CAESFwAAAADHzhMAnmedZwIAAQA3Eo3UQUwPKK3X7LOTjO27X1oA
1	14	1640207751.789346	CAESFwAAAADCbRMAnWefZwIAAAA3AUhRxgYQKIXyl5DkhuT95QFaAA==
0	15	1640207751.820981	CAESFwAAAAAWNRMAn2eeZwIAAQA3IStxQUwPKMWHk8eqsdn6U1oA
1	15	1640207751.822898	CAESFwAAAADtbRMAnmefZwIAAAA3Eo3UwAYQKP3g36jVysj1hAFaAA==
0	16	1640207751.859145	CAESFwAAAADgjBMAoGefZwIAAQA3MkwbQUwPKMvhrOqtq42NgQFaAA==
1	16	1640207751.871763	CAESFwAAAABBzRMAn2ehZwIAAAA3IStxwAYQKOGg+p2Rw4Hg1AFaAA==
0	17	1640207751.902528	CAESFwAAAACsZBMAoWegZwIAAQA3QVtXQUwPKOr1/LG+7Zbv1AFaAA==
1	17	1640207751.905342	CAESFwAAAAAHKxMAoGehZwIAAAA3MkwbwAYQKLm4pb2M3PybeloA
0	18	1640207751.942734	CAESFwAAAAD81RMAomehZwIAAQA3UjyhQUwPKL+siretveS7qQFaAA==
1	18	1640207751.956216	CAESFwAAAADX/BMAoWejZwIAAAA3QVtXwAYQKODR8O/ggNHWN1oA
0	19	1640207751.985266	CAESFwAAAADPsBMAo2eiZwIAAQA3YbdnQUwPKO7H+NuQtuPMAVoA
1	19	1640207751.990442	CAESFwAAAAA0YhMAomejZwIAAAA3UjyhwAYRKOXQkOmp6IDutAFaAA==
0	20	1640207752.028658	CAESFwAAAACbRRMApGejZwIAAQA3cnwjTUwPKPHZ18Ha7YrmlwFaAA==
1	20	1640207752.039805	CAESFwAAAAAMNxMAo2elZwIAAAA3YbdnwAYRKIXaucqb8KyKIloA
0	21	1640207752.069287	CAESFwAAAAD60BMApWekZwIAAQA3gRKRTUwPKOLCrdehzK+jQ1oA
1	21	1640207752.071612	CAESFwAAAAAekhMApGelZwIAAAA3cnwjwAYRKMinjc2z6qv1YVoA
0	22	1640207752.110235	CAESFwAAAAC3zhMApmelZwIAAQA3kujsTUwPKNn09ammr+WBFloA
1	22	1640207752.124522	CAESFwAAAACCGBMApWenZwIAAAA3gRKRwAYRKOyD3YrGkb+NyAFaAA==
0	23	1640207752.153502	CAESFwAAAAAZvBMAp2emZwIAAQA3of52TUwPKOOixvf325P9CloA
1	23	1640207752.155804	CAESFwAAAAA6HBMApmenZwIAAAA3kujswAYRKMu0u5Ko1PTyFFoA
0	24	1640207752.195261	CAESFwAAAAD7FhMAqGenZwIAAQA3spqLTUwPKIH12Izq9tee1QFaAA==
1	24	1640207752.206531	CAESFwAAAACgBBMAp2epZwIAAAA3of52wAYRKN7v//OV8Y7bS0i4orqDqvj0AloJMMDRyo0DOOAv
0	25	1640207752.207947	CAEYACAASLiiuoOq+PQCWgsoADDA0cqNAzjgL2AJ
0	26	1640207752.23702	CAESFwAAAAC9qxMAqWeoZwIAAQA3wd/dTUwPKJfrz6j+4IOcMloA
1	25	1640207752.239488	CAESFwAAAAB+YxMAqGepZwIAAAA3spqLwAYRKJ2OsOW49oW+9AFIz6i8g6r49AJaCTDA0cqNAzjgLw==
0	27	1640207752.241882	CAEYACAASM+ovIOq+PQCWgsoADDA0cqNAzjgL2AJ
0	28	1640207752.287097	CAESFwAAAAADDxMAqmepZwIAAQA30ivWTUwPKNbS1YvpgOW+5AFaAA==
1	26	1640207752.289671	CAESFwAAAABA+BMAqWeqZwIAAAA3wd/dwAYRKKrYi9bg7bGgd0jwrL+Dqvj0AloJMMDRyo0DOOAv
0	29	1640207752.291632	CAEYACAASPCsv4Oq+PQCWgsoADDA0cqNAzjgL2AJ
0	30	1640207752.3228	CAESFwAAAAD8fRMAq2eqZwIAAQA34Uk/TUwPKLnaisTumtz/qwFaAA==
1	27	1640207752.324939	CAESFwAAAADf+xMAqmerZwIAAAA30ivWxgYRKIqRktzrjMOSb0iDv8GDqvj0AloJMMDRyo0DOOAv
0	31	1640207752.325717	CAEYACAASIO/wYOq+PQCWgsoADDA0cqNAzjgL2AJ
0	32	1640207752.36349	CAESFwAAAAAJnBMArGerZwIAAQA38qqfTUwPKJPy0LfTxICkaVoA
1	28	1640207752.373001	CAESFwAAAADeZBMAq2etZwIAAAA34Uk/xgYRKOqW99mi1fTNXloA
0	33	1640207752.404276	CAESFwAAAACTrRMArWesZwIAAQA3AW0xTUwPKJbTu9T7tMv7dloA
1	29	1640207752.406756	CAESFwAAAADliRMArGetZwIAAAA38qqfxgYRKOuPl9n946jnRVoA
0	34	1640207752.446783	CAESFwAAAAD+7hMArmetZwIAAQA3EpoEjUwPKJHH54KPxfuC5wFaAA==
1	30	1640207752.456819	CAESFwAAAAB1lBMArWevZwIAAAA3AW0xxgYRKIyK9uzY3/+9wgFaAA==
0	35	1640207752.48987	CAESFwAAAAD57xMAr2euZwIAAQA3IaXrjUwPKNLUjYC2z+ioiAFaAA==
1	31	1640207752.490009	CAESFwAAAAAY3xMArmevZwIAAAA3EpoExgYRKI7QiOXhvr+0cVoA
0	36	1640207752.530411	CAESFwAAAABhRBMAsGevZwIAAQA3MsP+jUwPKOHJ/o3r5r7W5gFaAA==
1	32	1640207752.53939	CAESFwAAAAAY2hMAr2exZwIAAAA3IaXrxgYRKPWlhdnM/NXr0gFaAA==
0	37	1640207752.574362	CAESFwAAAAChjRMAsWewZwIAAQA3QctcjUwPKK6SjO22iZSXrQFaAA==
1	33	1640207752.589443	CAESFwAAAAB/LxMAsGeyZwIAAAA3MsP+xgYRKL2/joysrp2+Z1oA
0	38	1640207752.616817	CAESFwAAAADklRMAsmexZwIAAQA3UjSVjUwPKLC5kO/EveestAFaAA==
1	34	1640207752.623295	CAESFwAAAAC/eBMAsWezZwIAAAA3QctcxgYRKLuw5O7lnuTMPloA
0	39	1640207752.656541	CAESFwAAAAA4IhMAs2eyZwIAAQA3YXBojUwPKL7iqo++0uzVyAFaAA==
1	35	1640207752.673345	CAESFwAAAAADgBMAsme0ZwIAAAA3UjSVxgYRKOvv9sbx9+2brQFaAA==
0	40	1640207752.704117	CAESFwAAAAD3bhMAtGezZwIAAQA3cpFoTUwPKO/Z8u60tdT6kgFaAA==
1	36	1640207752.706848	CAESFwAAAABRExMAs2e0ZwIAAAA3YXBoxgYRKOb8x4W3pcDoFVoA
0	41	1640207752.709155	CAESFAAAAAC24xAA5wLvAgAEAQBzAQAAKN3dnciJlfTpggFaAA==
1	37	1640207752.723352	CAESFAAAAACq7hAA7wLoAgAFAABzAQAAKNabm6y918bpN1oA
0	42	1640207752.743996	CAESFwAAAAAwURMAtWe0ZwIAAQA3gasiTUwPKMmwhsSZ+vOIfVoA
0	43	1640207752.754587	CAESEAAAAAC6UQwA8ALwAgAAAQEo1+fk1dPC0so0WgA=
1	38	1640207752.757001	CAESFwAAAADZVRMAtGe2ZwIAAAA3cpFoxgYRKPqi/9vs6dLbzwFaAA==
0	44	1640207752.787541	CAESFwAAAADdkxMAtme1ZwIAAQA3kqgiTUwPKOuz+fKw7+GKiAFaAA==
1	39	1640207752.790117	CAESFwAAAAANPhMAtWe2ZwIAAAA3gasixgYRKL+b/tnJmf6vWVoA
0	45	1640207752.825676	CAESFwAAAAARcxMAt2e2ZwIAAQA3oThuTUwPKM6a3YaM79PoHloA
1	40	1640207752.84019	CAESFwAAAAC/ehMAtme4ZwIAAAA3kqgixgYRKO/Z++LR7q/vS1oA
0	46	1640207752.871511	CAESFwAAAAB+CxMAuGe3ZwIAAQA3sk5ATUwPKIP9lavRi5HJTloA
1	41	1640207752.873457	CAESFwAAAADecBMAt2e4ZwIAAAA3oThuxQYRKJvgh9fL/uKaGloA
0	47	1640207752.908033	CAESFwAAAABWRBMAuWe4ZwIAAQA3wVUXTUwPKKb/j+nhq8DeLVoA
1	42	1640207752.924545	CAESFwAAAABRAhMAuGe6ZwIAAAA3sk5AxQYRKJPnk7mgnbP4XFoA
0	48	1640207752.950754	CAESFwAAAADU+BMAume5ZwIAAQA30tNSTUwPKKjd17aXjKT98AFaAA==
1	43	1640207752.958063	CAESFAAAAACl8xAA8ALoAgAEAABzAQAAKJToucXKkp7cwQFaAA==
1	44	1640207752.958073	CAESFwAAAAApOxMAuWe7ZwIAAAA3wVUXxQYRKKDR+LiExcK41AFaAA==
0	49	1640207752.960929	CAESFAAAAADLyhAA6ALxAgAFAQBzAQAAKKbHotuuhry7IVoA
0	50	1640207752.993535	CAESFwAAAAD7pBMAu2e6ZwIAAQA34fJPTUwPKIvu/azAy/2WX1oA
1	45	1640207753.00757	CAESEAAAAAB5oQwA6QLpAgAAAAEot9/xgrS+yOwOWgA=
1	46	1640207753.007575	CAESFwAAAACn7xMAume8ZwIAAAA30tNSxQYRKOWI2oqJ6Z6xfFoA
0	51	1640207753.034712	CAESFwAAAADcgxMAvGe7ZwIAAQA38l8QTUwPKOeM8O2Txtz9pAFaAA==
1	47	1640207753.040459	CAESFwAAAADOmxMAu2e9ZwIAAAA34fJPxQYRKInumsKRtrzNkQFaAA==
0	52	1640207753.078408	CAESFwAAAAAPXBMAvWe8ZwIAAQA3AWLxTUwPKL/UluvfxfK79QFaAA==
1	48	1640207753.090264	CAESFwAAAACvehMAvGe+ZwIAAAA38l8QxQYRKMWqv5Gs5+LEXloA
0	53	1640207753.121521	CAESFwAAAACHBRMAvme9ZwIAAQA3EuM8TUwPKJfTs+K8jamGvQFaAA==
1	49	1640207753.123787	CAESFwAAAADcWRMAvWe+ZwIAAAA3AWLxxQYRKLmr3dTuvsyEVVoA
0	54	1640207753.162118	CAESFwAAAACAShMAv2e+ZwIAAQA3IVF/TUwPKLu7+Y6Ch6Lf6wFaAA==
1	50	1640207753.173317	CAESFwAAAABa+xMAvmfAZwIAAAA3EuM8xQYRKOG4sMTe962z0AFaAA==
0	55	1640207753.203816	CAESFwAAAAAprBMAwGe/ZwIAAQA3MtfaTUwPKLie7t2f5qGYeloA
1	51	1640207753.206697	CAESFwAAAABORxMAv2fAZwIAAAA3IVF/xQYRKMnfsqHnz9b+9AFaAA==
0	56	1640207753.246817	CAESFwAAAAC9whMAwWfAZwIAAQA3Qbs7TUwPKLX7xafBwPKs8QFaAA==
1	52	1640207753.256506	CAESFwAAAACwrxMAwGfCZwIAAAA3MtfaBQYRKOPCwc/Qn7nQzgFaAA==
0	57	1640207753.286358	CAESFwAAAADoXBMAwmfBZwIAAQA3UpeHTUwPKMzl0rvKhPK9EFoA
1	53	1640207753.289177	CAESFwAAAABAyxMAwWfCZwIAAAA3Qbs7BQYRKLuiusrOldzTCloA
0	58	1640207753.330145	CAESFwAAAADMhBMAw2fCZwIAAQA3YdgpTUwPKNO5gYLh9o+wWFoA
1	54	1640207753.340516	CAESFwAAAABwXxMAwmfEZwIAAAA3UpeHBQYRKOmgnv+njcG/VloA
0	59	1640207753.372243	CAESFwAAAAAawhMAxGfDZwIAAQA3crOvTUwPKLKhmtm0p4ivL1oA
1	55	1640207753.373631	CAESFwAAAABPjRMAw2fEZwIAAAA3YdgpBQYRKJjjvoW8sNyy3gFaAA==
0	60	1640207753.413492	CAESFwAAAAAhBhMAxWfEZwIAAQA3gWqdTUwPKLXr+drb8uqn+gFaAA==
1	56	1640207753.424728	CAESFwAAAAChxRMAxGfGZwIAAAA3crOvBQYRKJvXtqCTyojEUFoA
0	61	1640207753.456394	CAESFwAAAABhXxMAxmfFZwIAAQA3ko3NTUwPKIyi3+j/sbK8wwFaAA==
1	57	1640207753.458853	CAESFwAAAACjDxMAxWfGZwIAAAA3gWqdBQYRKJ65/ef2pJafGFoA
0	62	1640207753.495955	CAESFwAAAADSKxMAx2fGZwIAAQA3oZB8TUwPKMjXiY3r7K6a+AFaAA==
1	58	1640207753.507825	CAESFwAAAADoYhMAxmfIZwIAAAA3ko3NBQYRKJ2Y8cjkrrDQTloA
0	63	1640207753.539142	CAESFwAAAADjFhMAyGfHZwIAAQA3soF8TUwPKNKZzoSWvoT/HFoA
1	59	1640207753.54031	CAESFwAAAABVNBMAx2fIZwIAAAA3oZB8BQYRKNadlZOto+DFmAFaAA==
0	64	1640207753.582271	CAESFwAAAAAdVRMAyWfIZwIAAQA3wX/0TUwPKOip8YDAn5u5UloA
1	60	1640207753.590679	CAESFwAAAABrGRMAyGfKZwIAAAA3soF8BQYRKKvgwee37YWA8gFaAA==
0	65	1640207753.623603	CAESFwAAAAAyoxMAymfJZwIAAQA30sQ5TUwPKMXqwbCpz5DPoQFaAA==
1	61	1640207753.623843	CAESFwAAAACfXhMAyWfKZwIAAAA3wX/0BQYRKJymmbmAke6OlgFaAA==
0	66	1640207753.667233	CAESFwAAAAAqLBMAy2fKZwIAAQA34ZPYTUwPKPHai/GW0aLLcFoA
1	62	1640207753.674795	CAESFwAAAAC5phMAymfMZwIAAAA30sQ5BQYRKN3q59GAh+aXUFoA
0	67	1640207753.708652	CAESFwAAAAB8qRMAzGfLZwIAAQA38q3bTUwPKPSa4ZW9osWuvgFaAA==
1	63	1640207753.710256	CAESFwAAAAAlPRMAy2fMZwIAAAA34ZPYhAYRKMmH08y72Zv1rAFaAA==
0	68	1640207753.751197	CAESFwAAAAA15BMAzWfMZwIAAQA3AW0YTUwPKKGQu+rRg+yzSVoA
1	64	1640207753.756611	CAESFwAAAAB8tBMAzGfOZwIAAAA38q3bhAYRKPry+q3E6ILGI1oA
0	69	1640207753.792968	CAESFwAAAABGDhMAzmfNZwIAAQA3EvZBTUwPKLLa7Jngoaj64gFaAA==
1	65	1640207753.808162	CAESFwAAAAA17xMAzWfPZwIAAAA3AW0YhAYRKM67yYvj9YiprgFaAA==
0	70	1640207753.833162	CAESFwAAAADJ3xMAz2fOZwIAAQA3IZY7TUwPKNq6kO31/Iit6gFaAA==
1	66	1640207753.842141	CAESFwAAAABGGRMAzmfQZwIAAAA3EvZBhAYRKNOhtu3Ftbb87AFaAA==
0	71	1640207753.876682	CAESFwAAAAALRBMA0GfPZwIAAQA3MhAJTUwPKIP71M+F5aeovwFaAA==
1	67	1640207753.89038	CAESFwAAAADJ6hMAz2fRZwIAAAA3IZY7hAYRKLOvjLTm4YPh8wFaAA==
0	72	1640207753.916501	CAESFwAAAABrpxMA0WfQZwIAAQA3Qch7TUwPKKzA0rSFs8y+QVoA
1	68	1640207753.923272	CAESFwAAAAALTxMA0GfSZwIAAAA3MhAJhAYRKLOG3sOTr4jYfloA
0	73	1640207753.959887	CAESFwAAAABauhMA0mfRZwIAAQA3UoenTUwPKKeJroPXwYO/ZFoA
1	69	1640207753.97357	CAESFwAAAABrshMA0WfTZwIAAAA3Qch7hAYRKM2wnKnpw5DdT1oA
0	74	1640207754.002414	CAESFwAAAACatxMA02fSZwIAAQA3YbslTUwPKIzkv42OnI+1ngFaAA==
1	70	1640207754.008344	CAESFwAAAABaxRMA0mfUZwIAAAA3UoenhAYRKJyGwPKP+NWghgFaAA==
1	71	1640207754.057474	CAESFwAAAACVyBMA02fUZwIAAAA3YbslhAYRKMOT+ePstZLe6QFaAA==
1	72	1640207754.090799	CAESFwAAAAB4UBMA1GfUZwIAAAA3ctmKhAYRKKKevpDCn/uR1wFaAA==
0	75	1640207754.093478	CAESFwAAAACMLRMA1GfVZwIAAQA3ctmKTUwPKMfknZjAvs/hzQFaAA==
0	76	1640207754.104944	CAESFwAAAABsXRMA1WfVZwIAAQA3ge9UTUwPKMSD6KiRr/TZqwFaAA==
0	77	1640207754.129874	CAESFwAAAACSaxMA1mfVZwIAAQA3ksE8TUwPKKSm++Pa1si6yQFaAA==
1	73	1640207754.14136	CAESFwAAAABnbhMA1WfXZwIAAAA3ge9UhAYRKIT0yc7ZuLS25wFaAA==
0	78	1640207754.169973	CAESFwAAAACUVRMA12fWZwIAAQA3oaZaTUwPKODO9IfUsZeUswFaAA==
1	74	1640207754.174868	CAESFwAAAACNfBMA1mfXZwIAAAA3ksE8hAYRKMWw8YOgjZekFVoA
0	79	1640207754.221213	CAESFwAAAAAqyxMA2GfXZwIAAQA3sjKvTUwPKJLPstOQ3oKXLFoA
1	75	1640207754.223532	CAESFwAAAACPZhMA12fYZwIAAAA3oaZahAYRKNyDx4f/v/n+jgFaAA==
0	80	1640207754.252669	CAESFwAAAADRyxMA2WfYZwIAAQA3wS37TUwPKJeJv+D2n+75FVoA
1	76	1640207754.257582	CAESFwAAAAAq1hMA2GfaZwIAAAA3sjKvhAYRKNiw3N3qt5fLqgFaAA==
0	81	1640207754.306606	CAESFwAAAAAtvRMA2mfZZwIAAQA30mFnTUwPKJXVzaqes+2jhwFaAA==
1	77	1640207754.307521	CAESFwAAAADM3BMA2WfaZwIAAAA3wS37hAYRKPKZtsLvxr2nGloA
0	82	1640207754.337487	CAESFwAAAABojRMA22faZwIAAQA34VlTTUwPKI+6puOZ4pLwtwFaAA==
1	78	1640207754.340257	CAESFwAAAAAozhMA2mfbZwIAAAA30mFnhAYRKNPRt4LgjoqFyQFaAA==
0	83	1640207754.37982	CAESFwAAAADePxMA3GfbZwIAAQA38nr2TUwPKMW+nLiUvpvKtwFaAA==
1	79	1640207754.390785	CAESFwAAAABomBMA22fdZwIAAAA34VlThAYRKIyB0qW0g+fJtAFaAA==
0	84	1640207754.422272	CAESFwAAAAA8DhMA3WfcZwIAAQA3AYKyTUwPKNWC9cKcnOCZhwFI/c69hKr49AJaCTDA0cqlATjgLw==
1	80	1640207754.424305	CAESFwAAAADZUBMA3GfdZwIAAAA38nr2hAYRKLTxj/H7zuiA6AFaAA==
1	81	1640207754.441215	CAEYACAASP3OvYSq+PQCWgsoADDA0cqlATjgL2AJ
0	85	1640207754.463099	CAESFwAAAACKaxMA3mfdZwIAAQA3EprbTUwPKKmtgLOViKG9ZUjRjcCEqvj0AloJMMDRyqUBOOAv
1	82	1640207754.474133	CAEYACAASNGNwISq+PQCWgsoADDA0cqlATjgL2AJ
1	83	1640207754.474147	CAESFwAAAAA8GRMA3WffZwIAAAA3AYKyhAYRKOuv19udtLX1rwFaAA==
0	86	1640207754.50624	CAESFwAAAAAGFBMA32feZwIAAQA3IfJOTUwPKMTCgNL12Py72wFIit/ChKr49AJaCTDA0cqlATjgLw==
1	84	1640207754.507725	CAESFwAAAACFfBMA3mffZwIAAAA3EprbhAYRKJLd19jO+KvI3gFaAA==
1	85	1640207754.523928	CAEYACAASIrfwoSq+PQCWgsoADDA0cqlATjgL2AJ
0	87	1640207754.546418	CAESFwAAAACvMhMA4GffZwIAAQA3MiZATUwPKMi01YW8zeH4mwFIr5jFhKr49AJaCTDA0cqlATjgLw==
1	86	1640207754.557207	CAEYACAASK+YxYSq+PQCWgsoADDA0cqlATjgL2AJ
1	87	1640207754.557211	CAESFwAAAAAGHxMA32fhZwIAAAA3IfJOhAYRKJXEg+iO1o70cVoA
0	88	1640207754.589404	CAESFwAAAADzrhMA4WfgZwIAAQA3QSVvTUwPKOeIs/i5/q/bHFoA
1	88	1640207754.590404	CAESFwAAAADXExMA4GfhZwIAAAA3MiZAhwYRKLifwNmdyqawNloA
0	89	1640207754.632736	CAESFwAAAAChrxMA4mfhZwIAAQA3UrMfTUwPKOO2qIC98sLG3QFaAA==
1	89	1640207754.640352	CAESFwAAAAAhiRMA4WfjZwIAAAA3QSVvhwYRKPXP+abrrLb9bFoA
1	90	1640207754.673943	CAESFwAAAADJkBMA4mfjZwIAAAA3UrMfhwYRKPmNrfCqoP7JswFaAA==
0	90	1640207754.675423	CAESFwAAAABJORMA42fjZwIAAQA3YSBvTUwPKKqpqJrk8IHBrQFaAA==
0	91	1640207754.720646	CAESFwAAAAAjPhMA5GfjZwIAAQA3cui1TUwPKN3wyfe7o/vSCloA
1	91	1640207754.723051	CAESFwAAAABsIBMA42fkZwIAAAA3YSBvhwYRKJfOiqK2/sn2Z1oA
0	92	1640207754.726295	CAESFAAAAADRwxAA6QLxAgAEAQB0AQAAKOejsNCih9TF+gFaAA==
1	92	1640207754.741216	CAESFAAAAADFzhAA8QLqAgAFAAB0AQAAKKmujJOaxPWRkQFaAA==
0	93	1640207754.757357	CAESFwAAAAAomxMA5WfkZwIAAQA3gVDaTUwPKMnYq9X4/P7pRFoA
1	93	1640207754.774518	CAESFwAAAABQGRMA5GfmZwIAAAA3cui1hwYRKIeJ0vnt+4PclAFaAA==
0	94	1640207754.776344	CAESEAAAAADKPQwA8gLyAgAAAQEooeG4nKqt49pSWgA=
0	95	1640207754.804762	CAESFwAAAAAvChMA5mflZwIAAQA3kqb7TUwPKP/N+ZuSkP2tA1oA
1	94	1640207754.807307	CAESFwAAAABQfBMA5WfmZwIAAAA3gVDahwYRKLLNyMW+vYWVfVoA
0	96	1640207754.842763	CAESFwAAAABwgBMA52fmZwIAAQA3oSeyTUwPKKnpyKvS/YPcHVoA
1	95	1640207754.858011	CAESFwAAAABc5BMA5mfoZwIAAAA3kqb7hwYRKJOdjorG1qGKK1oA
0	97	1640207754.887508	CAESFwAAAADR1xMA6GfnZwIAAQA3snWYTUwPKK2klY7Zi8mtf1oA
1	96	1640207754.890583	CAESFwAAAACYYRMA52foZwIAAAA3oSeyhwYRKKL+gMCWyLycfFoA
0	98	1640207754.926184	CAESFwAAAAASixMA6WfoZwIAAQA3watdTUwPKJXlgISa34Pr8AFaAA==
1	97	1640207754.941311	CAESFwAAAAD+shMA6GfqZwIAAAA3snWYhwYRKLe4u9+kzIj43gFaAA==
1	98	1640207754.957982	CAESFAAAAADA0xAA8gLqAgAEAAB0AQAAKOWo5L21ssbZKFoA
0	99	1640207754.960077	CAESFAAAAADmqhAA6gLzAgAFAQB0AQAAKNfkieaK85HHtAFaAA==
0	100	1640207754.966552	CAESFwAAAACymxMA6mfpZwIAAQA30isaTUwPKPS47o6n97a1gwFaAA==
1	99	1640207754.974785	CAESFwAAAAA/ZhMA6WfrZwIAAAA3watdhwYRKLip0Zf85qfh1wFaAA==
0	101	1640207755.010665	CAESFwAAAABgnBMA62fqZwIAAQA34b3HTUwPKMaCgYy0jYeHgQFaAA==
1	100	1640207755.024284	CAESEAAAAACJjQwA6wLrAgAAAAEowdeauvvr7dVTWgA=
1	101	1640207755.024289	CAESFwAAAADfdhMA6mfsZwIAAAA30isahwYRKMmm8cHR8LOKG1oA
0	102	1640207755.050168	CAESFwAAAAAW0xMA7GfrZwIAAQA38tyoTUwPKO3c3aOjiYuMTVoA
1	102	1640207755.058139	CAESFwAAAACNdxMA62ftZwIAAAA34b3HhwYRKIaB+rPDr/zsNloA
0	103	1640207755.094789	CAESFwAAAADeWRMA7WfsZwIAAQA3AZuLTUwPKOnQ/oD3gtakhAFaAA==
1	103	1640207755.108009	CAESFwAAAADoDxMA7GfuZwIAAAA38tyogQYRKNy1+veb9KeSjwFaAA==
0	104	1640207755.134722	CAESFwAAAABEqhMA7mftZwIAAQA3EgJbTUwPKMOkzofSke77HloA
1	104	1640207755.143111	CAESFwAAAACxlBMA7WfvZwIAAAA3AZuLgQYRKLfazNrZjYCrnQFaAA==
0	105	1640207755.187488	CAESFwAAAAC8shMA72fuZwIAAQA3IVB7TUwPKLjRrfr0tYmdYloA
1	105	1640207755.191556	CAESFwAAAAAS6xMA7mfvZwIAAAA3EgJbgQYRKMvgg7jUwdC/aloA
0	106	1640207755.220153	CAESFwAAAAAD/RMA8GfvZwIAAQA3Mt1JTUwPKICh6fHp1ZacxQFaAA==
1	106	1640207755.22439	CAESFwAAAACK8xMA72fwZwIAAAA3IVB7gQYRKKmX17jFoN6LTVoA
0	107	1640207755.261987	CAESFwAAAABqXRMA8WfwZwIAAQA3QWXpTUwPKPa46N2C89GgHVoA
1	107	1640207755.274427	CAESFwAAAADVORMA8GfyZwIAAAA3Mt1JgQYRKIvzjd2voa6VVVoA
0	108	1640207755.304363	CAESFwAAAABvWBMA8mfxZwIAAQA3UioSTUwPKP2zzt7C0c7VEFoA
1	108	1640207755.306915	CAESFwAAAAA4nhMA8WfyZwIAAAA3QWXpgQYRKNrSzbX10ZfnHloA
0	109	1640207755.346109	CAESFwAAAABwzxMA82fyZwIAAQA3YWBSTUwPKPeFo7K++IeNmQFaAA==
1	109	1640207755.357831	CAESFwAAAABCkxMA8mf0ZwIAAAA3UioSgQYRKNaLhJeoi6++D1oA
0	110	1640207755.388616	CAESFwAAAAB60BMA9GfzZwIAAQA3coUPTUwPKKLkmuHG+9bwyAFaAA==
1	110	1640207755.390869	CAESFwAAAAA+ERMA82f0ZwIAAAA3YWBSgQYRKKagnteUrdeFBloA
0	111	1640207755.429155	CAESFwAAAAAPAhMA9Wf0ZwIAAQA3ge3PTUwPKNjKxYnl3dKfugFaAA==
1	111	1640207755.441235	CAESFwAAAABNDBMA9Gf2ZwIAAAA3coUPgQYRKNLf9+v4sfrRpwFaAA==
0	112	1640207755.471912	CAESFwAAAAA1NhMA9mf1ZwIAAQA3kqCvTUwPKNftg4S4vaLLa1oA
1	112	1640207755.474412	CAESFwAAAADcQxMA9Wf2ZwIAAAA3ge3PgQYRKNy53Yf2x8u/aFoA
0	113	1640207755.51223	CAESFwAAAAAIsBMA92f2ZwIAAQA3oWGQTUwPKKmWjbLopMKsqwFaAA==
1	113	1640207755.525128	CAESFwAAAAAIcRMA9mf4ZwIAAAA3kqCvgQYRKLiw1vnw2NH9AVoA
0	114	1640207755.556416	CAESFwAAAADBrxMA+Gf3ZwIAAQA3slfOTUwPKPu15tzF9vLRaFoA
1	114	1640207755.558107	CAESFwAAAADV8RMA92f4ZwIAAAA3oWGQgQYRKMHm75b4lJf7A1oA
0	115	1640207755.598896	CAESFwAAAADsIBMA+Wf4ZwIAAQA3wXcCTUwPKMTEkMTl3+f5RloA
1	115	1640207755.607889	CAESFwAAAACU6hMA+Gf6ZwIAAAA3slfOgQYRKNG3o53Dr9TIbFoA
0	116	1640207755.639698	CAESFwAAAACf4xMA+mf5ZwIAAQA30hTbTUwPKIOExLyGp+/LuwFaAA==
1	116	1640207755.641513	CAESFwAAAAC6YRMA+Wf6ZwIAAAA3wXcCgQYRKMyA3fvjj9m9MloA
0	117	1640207755.687416	CAESFwAAAADMlBMA+2f6ZwIAAQA34ZJuTUwPKLH53POV5o+GygFaAA==
1	117	1640207755.691413	CAESFwAAAABtJRMA+mf7ZwIAAAA30hTbgQYRKJL7lvqT74C8/gFaAA==
1	118	1640207755.724755	CAESFwAAAACa1RMA+2f8ZwIAAAA34ZJugQYRKNv2q5fSp5iYswFaAA==
0	118	1640207755.72638	CAESFwAAAAA+UxMA/Gf8ZwIAAQA38j99TUwPKOzLg6rPuKeXWloA
0	119	1640207755.765392	CAESFwAAAAD0RRMA/Wf8ZwIAAQA3ASjcTUwPKOrJn5z1vf2vHFoA
1	119	1640207755.775045	CAESFwAAAAAMlBMA/Gf+ZwIAAAA38j99gQYRKMnr7baRmsSbbloA
0	120	1640207755.807396	CAESFwAAAACvnRMA/mf9ZwIAAQA3EiyyTUwPKKTJxsqvmsmiEloA
1	120	1640207755.808096	CAESFwAAAADChhMA/Wf+ZwIAAAA3ASjcgQYRKJL48MmD4dyR6AFaAA==
0	121	1640207755.849106	CAESFwAAAABZcBMA/2f+ZwIAAQA3IYHPTUwPKNzDsPnaoMLg7QFaAA==
1	121	1640207755.857934	CAESFwAAAACD1xMA/mcAaAIAAAA3EiyygQYRKMPGyrum7sK6zQFaAA==
0	122	1640207755.891687	CAESFwAAAACMSRMAAGj/ZwIAAQA3MnDBTUwPKKnX76yg95SxiQFaAA==
1	122	1640207755.908134	CAESFwAAAAAtqhMA/2cBaAIAAAA3IYHPgQYRKLXSnLDA7Nr9EloA
0	123	1640207755.932531	CAESFwAAAABpfxMAAWgAaAIAAQA3QVe2TUwPKPCRuLWxqoLJC1oA
1	123	1640207755.941698	CAESFwAAAABggxMAAGgCaAIAAAA3MnDBgQYRKLjjmrSghdOjfFoA
0	124	1640207755.97601	CAESFwAAAABBehMAAmgBaAIAAQA3UsFmTUwPKJyJ7/PevrPvVFoA
1	124	1640207755.990891	CAESFwAAAAA8uhMAAWgDaAIAAAA3QVe2gQYRKJWzs+f77OvzwgFaAA==
0	125	1640207756.01852	CAESFwAAAABkzhMAA2gCaAIAAQA3YeO7TUwPKP+jnYOVrpKDigFaAA==
1	125	1640207756.024711	CAESFwAAAAAUtRMAAmgEaAIAAAA3UsFmgQYRKMnu3YDsmsjRKFoA
0	126	1640207756.05927	CAESFwAAAABNvBMABGgDaAIAAQA3cgWwTUwPKKjO/9LdnsbFugFaAA==
1	126	1640207756.074779	CAESFwAAAAA3ChMAA2gFaAIAAAA3YeO7gQYRKMXb7qijve/elwFaAA==
0	127	1640207756.102397	CAESFwAAAACbmhMABWgEaAIAAQA3gRpeTUwPKOPrh5eou4SerwFaAA==
1	127	1640207756.10788	CAESFwAAAAAg9xMABGgGaAIAAAA3cgWwgQYRKJiTwOLoxpuMzAFaAA==
0	128	1640207756.143086	CAESFwAAAAAbzBMABmgFaAIAAQA3kqwHTUwPKN7QsreEgIeO/QFaAA==
1	128	1640207756.157981	CAESFwAAAABu1RMABWgHaAIAAAA3gRpegQYRKOSoucbB8bjIiQFaAA==
0	129	1640207756.186884	CAESFwAAAAAXKxMAB2gGaAIAAQA3oY26TUwPKImGwd3utNeCwAFaAA==
1	129	1640207756.193298	CAESFwAAAADtCBMABmgIaAIAAAA3kqwHgQYRKOngh+GG5LG5lAFaAA==
0	130	1640207756.237417	CAESFwAAAACFcBMACGgHaAIAAQA3shVsTUwPKP7U1+7Z1NCR6wFaAA==
1	130	1640207756.241703	CAESFwAAAADkbBMAB2gIaAIAAAA3oY26gQYRKP6CmKTKo4WKoQFaAA==
0	131	1640207756.268738	CAESFwAAAACYIRMACWgIaAIAAQA3wRuRTUwPKIirmpOJgMCCNloA
1	131	1640207756.275217	CAESFwAAAABYqxMACGgKaAIAAAA3shVsgQYRKIL5kJXpv/SMqwFaAA==
0	132	1640207756.310451	CAESFwAAAABxCxMACmgJaAIAAQA30mVxTUwPKKG5yc3Vtu+7d1oA
1	132	1640207756.325467	CAESFwAAAABrXBMACWgLaAIAAAA3wRuRgQYRKILE3+L6yqTLRVoA
0	133	1640207756.352381	CAESFwAAAACtmhMAC2gKaAIAAQA34dEoTUwPKKSg9sy8ko3LmwFaAA==
1	133	1640207756.357545	CAESFwAAAABERhMACmgMaAIAAAA30mVxgQYRKISr2dSXnov/iwFaAA==
0	134	1640207756.39498	CAESFwAAAACH8RMADGgLaAIAAQA38hGkTUwPKM6ErMPGmomeUFoA
1	134	1640207756.40845	CAESFwAAAACA1RMAC2gNaAIAAAA34dEogQYRKNjf5PKC1MvzE1oA
0	135	1640207756.438422	CAESFwAAAACzgxMADWgMaAIAAQA3AVSTTUwPKLiX3s2RrcuVzgFaAA==
1	135	1640207756.442243	CAESFwAAAABVMxMADGgNaAIAAAA38hGkgQYRKLfGpsCKpPb6mwFaAA==
0	136	1640207756.478238	CAESFwAAAADwMxMADmgNaAIAAQA3Euv7TUwPKOOyhNbvhcni7gFaAA==
1	136	1640207756.491931	CAESFwAAAACGvhMADWgPaAIAAAA3AVSTgQYRKPeai83j+47Ke1oA
0	137	1640207756.521647	CAESFwAAAABKuhMAD2gOaAIAAQA3IRThTUwPKO+zmvfqtL/Z2QFaAA==
1	137	1640207756.525355	CAESFwAAAAC+dBMADmgPaAIAAAA3Euv7gQYRKP2Fz6qvwtKppAFaAA==
0	138	1640207756.561939	CAESFwAAAAB2uhMAEGgPaAIAAQA3MkdvTUwPKNHKs9/WuLOvQ1oA
1	138	1640207756.575355	CAESFwAAAAAd9RMAD2gRaAIAAAA3IRThgQYRKJuWteOw2oq3gAFaAA==
0	139	1640207756.605451	CAESFwAAAACXzBMAEWgQaAIAAQA3QSdLTUwPKOG1spS74qD7aFoA
1	139	1640207756.607672	CAESFwAAAABE+xMAEGgRaAIAAAA3MkdvgQYRKKOmkd2V4rWV4AFaAA==
0	140	1640207756.64605	CAESFwAAAACirhMAEmgRaAIAAQA3UvCBTUwPKIjZw6jd3L/G9wFaAA==
1	140	1640207756.658996	CAESFwAAAABqCBMAEWgTaAIAAAA3QSdLgQYRKKrK+aSZqpmamAFaAA==
1	141	1640207756.691646	CAESFwAAAABw7xMAEmgTaAIAAAA3UvCBgQYRKI7p2sf/x6CGTFoA
0	141	1640207756.692371	CAESFwAAAABsOBMAE2gTaAIAAQA3YV2vTUwPKNa+8s2B9p7J1gFaAA==
0	142	1640207756.737813	CAESFwAAAADb6xMAFGgTaAIAAQA3ctQDTUwPKOej0rrCuO+7RFoA
0	143	1640207756.741694	CAESFAAAAADsoxAA6wLzAgAEAQB1AQAAKIu3x/HgheyEUloA
1	142	1640207756.741949	CAESFwAAAAA1fxMAE2gUaAIAAAA3YV2vgQYRKNiKxdarhszfVloA
1	143	1640207756.758355	CAESFAAAAADgrhAA8wLsAgAFAAB1AQAAKI3twd72lfbijgFaAA==
0	144	1640207756.773396	CAESFwAAAADZMRMAFWgUaAIAAQA3gfaMTUwPKJO/r63h85zuYloA
1	144	1640207756.775237	CAESFwAAAACpLRMAFGgVaAIAAAA3ctQDgQYRKPnJtrfA5dm+T1oA
0	145	1640207756.813853	CAESFwAAAACbbRMAFmgVaAIAAQA3khtXTUwPKM+K3Lb5r9DPpQFaAA==
0	146	1640207756.816937	CAESEAAAAADaKQwA9AL0AgAAAQEogsOHx9O6p/k/WgA=
1	145	1640207756.825125	CAESFwAAAACsbBMAFWgXaAIAAAA3gfaMgQYRKLW0yoru6d3LOloA
1	146	1640207756.858656	CAESFwAAAABprhMAFmgXaAIAAAA3khtXgQYRKLrzztma38z3KloA
0	147	1640207756.858801	CAESFwAAAAAuKBMAF2gWaAIAAQA3oRz3TUwPKKzO8+DVm7/ynAFaAA==
0	148	1640207756.902053	CAESFwAAAAC/NhMAGGgXaAIAAQA3spnHTUwPKPSRiPfy8Y6UN1oA
1	147	1640207756.908856	CAESFwAAAAABYxMAF2gZaAIAAAA3oRz3gQYRKK6bzqPRzbSgkAFaAA==
0	149	1640207756.942018	CAESFwAAAAB8IhMAGWgYaAIAAQA3wXE2TUwPKI+tja6rhO+2CFoA
1	148	1640207756.958796	CAESFAAAAADbsxAA9ALsAgAEAAB1AQAAKM3m65Pr74KHfFoA
1	149	1640207756.960613	CAESFwAAAADsERMAGGgaaAIAAAA3spnHhwYRKN6y3djl3I75fVoA
0	150	1640207756.961376	CAESFAAAAAACihAA7AL1AgAFAQB1AQAAKKyn16G+3cq7U1oA
0	151	1640207756.984529	CAESFwAAAAAJGRMAGmgZaAIAAQA30n2TTUwPKOu7pdT22Y+WpAFaAA==
1	150	1640207756.992409	CAESFwAAAACp/BMAGWgbaAIAAAA3wXE2hwYRKL/myJy+stf9zwFaAA==
1	151	1640207757.008426	CAESEAAAAACZeQwA7QLtAgAAAAEo29LJkcfhq8zCAVoA
0	152	1640207757.02468	CAESFwAAAAB0yhMAG2gaaAIAAQA34UiaTUwPKPKl3PGtwZmLgQFaAA==
1	152	1640207757.02588	CAESFwAAAAAx+RMAGmgbaAIAAAA30n2ThwYRKKjJw4Oan5KoxQFaAA==
0	153	1640207757.06849	CAESFwAAAADy/BMAHGgbaAIAAQA38uk1TUwPKLT+gajMyIj1bFoA
1	153	1640207757.075546	CAESFwAAAAChpRMAG2gdaAIAAAA34UiahwYRKNecqo3dn8SXPFoA
0	154	1640207757.108415	CAESFwAAAADVXRMAHWgcaAIAAQA3ASmiTUwPKKve44z+y/PSrgFaAA==
1	154	1640207757.125911	CAESFwAAAAAg1xMAHGgeaAIAAAA38uk1hwYRKPeax9rRkZnGwwFaAA==
0	155	1640207757.151282	CAESFwAAAABwKRMAHmgdaAIAAQA3Er6TTUwPKNXCkreF29uQnwFaAA==
1	155	1640207757.159258	CAESFwAAAAADOBMAHWgfaAIAAAA3ASmihwYRKMnC85/EvKKHGloA
0	156	1640207757.19277	CAESFwAAAACgFxMAH2geaAIAAQA3IbZsTUwPKNvFwtLl0aXMTFoA
1	156	1640207757.209228	CAESFwAAAACdBBMAHmggaAIAAAA3Er6ThwYRKI2R+PK05qH4twFaAA==
0	157	1640207757.237437	CAESFwAAAABASBMAIGgfaAIAAQA3MnXJTUwPKMzT3/CgleugQloA
1	157	1640207757.242572	CAESFwAAAADN8RMAH2ghaAIAAAA3IbZshwYRKLKOjMeOxcTzqgFaAA==
0	158	1640207757.276044	CAESFwAAAAD+iBMAIWggaAIAAQA3QZKcTUwPKOrtlIKh14OBS1oA
1	158	1640207757.292625	CAESFwAAAABtIxMAIGgiaAIAAAA3MnXJhwYRKNeoy8u2kPejmQFaAA==
0	159	1640207757.320638	CAESFwAAAADMwhMAImghaAIAAQA3Uh71TUwPKN/OloKnmLOWmgFaAA==
1	159	1640207757.325748	CAESFwAAAAAsYxMAIWgjaAIAAAA3QZKchwYRKO6Sh9yEgJ/1XEi73PKFqvj0AloJMMDRyo0DOOAv
0	160	1640207757.32813	CAEYACAASLvc8oWq+PQCWgsoADDA0cqNAzjgL2AJ
0	161	1640207757.360152	CAESFwAAAAD/SRMAI2giaAIAAQA3YZC4TUwPKKX79dLGpfeRqwFaAA==
1	160	1640207757.375575	CAESFwAAAADMzRMAImgkaAIAAAA3Uh71hAYRKJ2w2tzuhvmlOkio4vWFqvj0AloJMMDRyo0DOOAv
0	162	1640207757.376395	CAEYACAASKji9YWq+PQCWgsoADDA0cqNAzjgL2AJ
0	163	1640207757.402345	CAESFwAAAAAEfRMAJGgjaAIAAQA3cjfSQUwPKPCdurufkZmO8gFaAA==
1	161	1640207757.408095	CAESFwAAAAD/VBMAI2glaAIAAAA3YZC4hAYRKNq2s4ffp6SUMEjD4feFqvj0AloJMMDRyo0DOOAv
0	164	1640207757.408977	CAEYACAASMPh94Wq+PQCWgsoADDA0cqNAzjgL2AJ
0	165	1640207757.446174	CAESFwAAAABjjRMAJWgkaAIAAQA3gY37QUwPKKn4j+LTmoP0UloA
1	162	1640207757.459085	CAESFwAAAAC4xxMAJGgmaAIAAAA3cjfShAYRKJKYh7r9sO284AFIoO76har49AJaCTDA0cqNAzjgLw==
0	166	1640207757.460199	CAEYACAASKDu+oWq+PQCWgsoADDA0cqNAzjgL2AJ
0	167	1640207757.486947	CAESFwAAAADkPRMAJmglaAIAAQA3kiUgQUwPKNiYjrXopZeIgAFaAA==
1	163	1640207757.492769	CAESFwAAAAAY1xMAJWgnaAIAAAA3gY37hAYRKKH975L1g8WPDloA
0	168	1640207757.529199	CAESFwAAAAAffRMAJ2gmaAIAAQA3oQazQUwPKKubiOzZ9t+ZcVoA
1	164	1640207757.542378	CAESFwAAAACZhxMAJmgoaAIAAAA3kiUghAYRKJKr4pnfxdvEF1oA
0	169	1640207757.573699	CAESFwAAAAB3IxMAKGgnaAIAAQA3spMVQUwPKOjur8++lqXvDloA
1	165	1640207757.576261	CAESFwAAAADOzRMAJ2goaAIAAAA3oQazhAYRKOmtp+zL7KfN+wFaAA==
0	170	1640207757.612531	CAESFwAAAADV1RMAKWgoaAIAAQA3wRRyQUwPKKGL48i3nKrh9gFaAA==
1	166	1640207757.626265	CAESFwAAAAAsbRMAKGgqaAIAAAA3spMVhAYRKK6vhMP/nrGK2gFaAA==
0	171	1640207757.65383	CAESFwAAAAB3tRMAKmgpaAIAAQA30ifKQUwPKJPHrtX9+fmyU1oA
1	167	1640207757.660168	CAESFwAAAACKIBMAKWgraAIAAAA3wRRyhAYRKIeL1Ybb4+OVd1oA
0	172	1640207757.703459	CAESFwAAAABVfRMAK2gqaAIAAQA34QgzQUwPKNCJoY7Yto/ZfloA
1	168	1640207757.708556	CAESFwAAAAAs/xMAKmgsaAIAAAA30ifKhAYRKK+qqebl46z90AFaAA==
0	173	1640207757.739512	CAESFwAAAADOtRMALGgraAIAAQA38qDVQUwPKPm5rvujneD6F1oA
1	169	1640207757.742097	CAESFwAAAAAFzRMAK2gsaAIAAAA34QgzhAYRKLm19smuitPxxQFaAA==
0	174	1640207757.782555	CAESFwAAAACnNRMALWgsaAIAAQA3AcJLQUwPKMy64c+7wLLhjQFaAA==
1	170	1640207757.793966	CAESFwAAAACD/xMALGguaAIAAAA38qDVhAYRKPier8GL4b2yrAFaAA==
0	175	1640207757.824785	CAESFwAAAADsIRMALmgtaAIAAQA3EpwnR0wPKPXNp8eInc/UrQFaAA==
1	171	1640207757.826014	CAESFwAAAABXhRMALWguaAIAAAA3AcJLhAYRKJ7eu9SYv53stwFaAA==
0	176	1640207757.864305	CAESFwAAAAB9RhMAL2guaAIAAQA3IekTR0wPKNW3sIe5htrQzAFaAA==
1	172	1640207757.876094	CAESFwAAAABHyxMALmgwaAIAAAA3EpwnhAYRKOn06bvlyr232AFaAA==
0	177	1640207757.908293	CAESFwAAAACSlRMAMGgvaAIAAQA3MiFkR0wPKL2ujM6vhtOQvAFaAA==
1	173	1640207757.910712	CAESFwAAAADS9hMAL2gwaAIAAAA3IekThAYRKOqMsf6fkrilbloA
0	178	1640207757.948273	CAESFwAAAADIqRMAMWgwaAIAAQA3QaiBR0wPKMH5oNPTy7ysZloA
1	174	1640207757.959696	CAESFwAAAADsQBMAMGgyaAIAAAA3MiFkhAYRKIaKsfqOwZ/+5AFaAA==
0	179	1640207757.990973	CAESFwAAAAAsQRMAMmgxaAIAAQA3UlXGR0wPKLOyqIGao+fliAFaAA==
1	175	1640207757.992544	CAESFwAAAAAeWhMAMWgyaAIAAAA3QaiBhAYRKNvav9W0hvf7bFoA
0	180	1640207758.032093	CAESFwAAAACOJhMAM2gyaAIAAQA3YdroR0wPKOTMhtOX2ZL60wFaAA==
1	176	1640207758.042528	CAESFwAAAACG6xMAMmg0aAIAAAA3UlXGhAYRKK3cls60ovXr1wFaAA==
0	181	1640207758.074527	CAESFwAAAABECBMANGgzaAIAAQA3cqR0R0wPKJTMyr3iivrzNloA
1	177	1640207758.092834	CAESFwAAAADo0BMAM2g1aAIAAAA3YdrohAYRKLaWyP/YheLMY1oA
0	182	1640207758.117621	CAESFwAAAABhNBMANWg0aAIAAQA3gVNrR0wPKOLk1ZX/rbvY/gFaAA==
1	178	1640207758.125553	CAESFwAAAACeshMANGg2aAIAAAA3cqR0hAYRKPT+gObDnY+XbloA
0	183	1640207758.158593	CAESFwAAAADknhMANmg1aAIAAQA3kpYnR0wPKLeFkrS1kM+5ywFaAA==
1	179	1640207758.175533	CAESFwAAAAC73hMANWg3aAIAAAA3gVNrhAYRKM7frZPV3eeP2AFaAA==
0	184	1640207758.204083	CAESFwAAAAChThMAN2g2aAIAAQA3obmGR0wPKJy8kq+StaXD9QFaAA==
1	180	1640207758.209808	CAESFwAAAAA/SRMANmg4aAIAAAA3kpYnhAYRKOOpx8+o1aOC6gFaAA==
0	185	1640207758.243299	CAESFwAAAADYHhMAOGg3aAIAAQA3suk8R0wPKIrht828kNqFd1oA
1	181	1640207758.259974	CAESFwAAAAD7+BMAN2g5aAIAAAA3obmGhAYRKOavl6Xon9P0J1oA
0	186	1640207758.2849	CAESFwAAAAA5SxMAOWg4aAIAAQA3wZntR0wPKN+c6JWg8o5OWgA=
1	182	1640207758.293213	CAESFwAAAAAzyBMAOGg6aAIAAAA3suk8hAYRKOrbnYruoanTeFoA
0	187	1640207758.327881	CAESFwAAAACWKRMAOmg5aAIAAQA30shwR0wPKImEzY/X3JGBb1oA
1	183	1640207758.342574	CAESFwAAAACT9RMAOWg7aAIAAAA3wZnthAYRKP/s04eol7a9A1oA
0	188	1640207758.369885	CAESFwAAAADsqxMAO2g6aAIAAQA34WTqR0wPKMbtn9mVkrvoKVoA
1	184	1640207758.376271	CAESFwAAAADw0xMAOmg8aAIAAAA30shwhAYRKOi2tdSWmsD4DVoA
0	189	1640207758.41238	CAESFwAAAACf0BMAPGg7aAIAAQA38q22R0wPKNri4Jvk3sq7qwFaAA==
1	185	1640207758.426548	CAESFwAAAABHVhMAO2g9aAIAAAA34WTqhAYRKM/ZhNzbhNWvgAFaAA==
0	190	1640207758.452942	CAESFwAAAAAFfBMAPWg8aAIAAQA3ASkaR0wPKP3n8K2nu/Ti+wFaAA==
1	186	1640207758.459422	CAESFwAAAAD5exMAPGg+aAIAAAA38q22hAYRKL6K1Iujr++XOloA
0	191	1640207758.496121	CAESFwAAAACKehMAPmg9aAIAAQA3EjxwR0wPKLPA4+n6l67AzgFaAA==
1	187	1640207758.50978	CAESFwAAAABfJxMAPWg/aAIAAAA3ASkahAYRKMu7ja7/tpSQ6QFaAA==
0	192	1640207758.536969	CAESFwAAAABP1BMAP2g+aAIAAQA3IZHqR0wPKM2h6JaRw77MsAFaAA==
1	188	1640207758.543376	CAESFwAAAADkJRMAPmhAaAIAAAA3EjxwhAYRKNmS/L7bseOhJFoA
0	193	1640207758.579076	CAESFwAAAACVhBMAQGg/aAIAAQA3MqHRR0wPKPCO3pnyqJO8ygFaAA==
1	189	1640207758.593245	CAESFwAAAACpfxMAP2hBaAIAAAA3IZHqhAYRKMno78zzj9KP/wFaAA==
0	194	1640207758.619758	CAESFwAAAAAHaxMAQWhAaAIAAQA3QSngR0wPKPvcksr9+dHYV1oA
1	190	1640207758.628009	CAESFwAAAADvLxMAQGhCaAIAAAA3MqHRhAYRKPyD47ClmfWIGFoA
0	195	1640207758.662419	CAESFwAAAAAtTBMAQmhBaAIAAQA3UmqFR0wPKK/O1ozAoK20jgFaAA==
1	191	1640207758.676917	CAESFwAAAABhFhMAQWhDaAIAAAA3QSnghAYRKKqC/Zno4+f2D1oA
1	192	1640207758.709887	CAESFwAAAACC/BMAQmhDaAIAAAA3UmqFhAYRKL6G8vWiwJDGDFoA
0	196	1640207758.720891	CAESFwAAAABnOxMAQ2hDaAIAAQA3YbT/R0wPKOGc29yHvoeBjwFaAA==
0	197	1640207758.747959	CAESFwAAAAA9FBMARGhDaAIAAQA3ciTPR0wPKOPih4Sk1JCdSVoA
0	198	1640207758.750773	CAESFAAAAAAIgxAA7QL1AgAEAQB2AQAAKJfejLWQ+cq1hwFaAA==
1	193	1640207758.759707	CAESFAAAAAD7jhAA9QLuAgAFAAB2AQAAKIXypOCu15fRyQFaAA==
1	194	1640207758.759711	CAESFwAAAADpuxMAQ2hFaAIAAAA3YbT/hwYRKLj57PyhqMbVvQFaAA==
0	199	1640207758.790838	CAESFwAAAAAUThMARWhEaAIAAQA3gSylR0wPKM2t/ob164rlKVoA
1	195	1640207758.792901	CAESFwAAAAC/lBMARGhFaAIAAAA3ciTPhwYRKPTehqGg2OqQxAFaAA==
0	200	1640207758.804248	CAESEAAAAADqFQwA9gL2AgAAAQEonYKZrMmj+favAVoA
0	201	1640207758.831932	CAESFwAAAAA+shMARmhFaAIAAQA3kgAwR0wPKPP14JPL7+WpvAFaAA==
1	196	1640207758.84343	CAESFwAAAACbyBMARWhHaAIAAAA3gSylhwYRKNjnhsW+xZD6gwFaAA==
0	202	1640207758.871976	CAESFwAAAAA7+hMAR2hGaAIAAQA3oQHeQUwPKLKZt+/Fxdyk2QFaAA==
1	197	1640207758.877066	CAESFwAAAADAMxMARmhHaAIAAAA3kgAwhwYRKP/xu77S+47IGVoA
0	203	1640207758.920829	CAESFwAAAAB7RhMASGhHaAIAAQA3suhYQUwPKPjPm7ukvteGO1oA
1	198	1640207758.925705	CAESFwAAAAAdFRMAR2hJaAIAAAA3oQHehwYRKOm31LnM1L/FmgFaAA==
0	204	1640207758.95911	CAESFwAAAABRCRMASWhIaAIAAQA3wYgPQUwPKPOJgqie8qTVlwFaAA==
1	199	1640207758.959296	CAESFwAAAABYZhMASGhJaAIAAAA3suhYhwYRKJyRzLzy9OHHzAFaAA==
1	200	1640207758.975934	CAESFAAAAAD2kxAA9gLuAgAEAAB2AQAAKNOQvcKU4e2sRVoA
0	205	1640207758.979383	CAESFAAAAAAdahAA7gL3AgAFAQB2AQAAKNWFseDhr4WuPFoA
0	206	1640207758.999371	CAESFwAAAADR5RMASmhJaAIAAQA30rZwQUwPKLyxhszVxI3RTFoA
1	201	1640207759.009787	CAESFwAAAACcOxMASWhLaAIAAAA3wYgPBgYRKJ+R84SZjfiArAFaAA==
1	202	1640207759.025899	CAESEAAAAACpZQwA7wLvAgAAAAEoqNG489jVhuzSAVoA
0	207	1640207759.042376	CAESFwAAAAAU+hMAS2hKaAIAAQA34XtDQUwPKPPI/sj8/pzWwAFaAA==
1	203	1640207759.043363	CAESFwAAAAAYHhMASmhLaAIAAAA30rZwBgYRKIz8992LiJjVwAFaAA==
0	208	1640207759.082077	CAESFwAAAADajRMATGhLaAIAAQA38pu2QUwPKNWrhZz2w677LloA
1	204	1640207759.092606	CAESFwAAAABfLRMAS2hNaAIAAAA34XtDBgYRKOGM59qpr4+KpAFaAA==
1	205	1640207759.12652	CAESFwAAAADGJhMATGhNaAIAAAA38pu2AAYRKN/NhMjn7ILDwQFaAA==
0	209	1640207759.126701	CAESFwAAAACnZhMATWhMaAIAAQA3Ac+MgUwPKIHe+KzV7eTekQFaAA==
0	210	1640207759.166646	CAESFwAAAACXcRMATmhNaAIAAQA3Eu9egUwPKJHJiZ35+vWyG1oA
1	206	1640207759.177442	CAESFwAAAADU/BMATWhPaAIAAAA3Ac+MAAYRKIDGoLK1lNzxHVoA
0	211	1640207759.220959	CAESFwAAAACYghMAT2hOaAIAAQA3Ib9rgUwPKKP4/I765drYjgFaAA==
1	207	1640207759.226042	CAESFwAAAADECBMATmhQaAIAAAA3Eu9eAAYRKIzJooOc9v2mWloA
0	212	1640207759.251553	CAESFwAAAADdlRMAUGhPaAIAAQA3Mm9QgUwPKN+HsZOQjY6pxAFaAA==
1	208	1640207759.259581	CAESFwAAAADFGRMAT2hRaAIAAAA3Ib9rAAYRKKi8luDxr8DvB1oA
0	213	1640207759.304285	CAESFwAAAACTUBMAUWhQaAIAAQA3QWHcgUwPKMmfl4bjwLG9A1oA
1	209	1640207759.309573	CAESFwAAAAALLBMAUGhSaAIAAAA3Mm9QAAYRKJrF/ab5nJGpkAFaAA==
0	214	1640207759.335916	CAESFwAAAABYExMAUmhRaAIAAQA3UgmOjUwPKIeT6/HZ8fum9AFaAA==
1	210	1640207759.342669	CAESFwAAAADA5hMAUWhTaAIAAAA3QWHcAAYRKJiR6NGUpJ7PowFaAA==
0	215	1640207759.377601	CAESFwAAAABHQRMAU2hSaAIAAQA3YRCZTUwPKOTNyvDe8IXCIFoA
1	211	1640207759.393174	CAESFwAAAADQahMAUmhUaAIAAAA3UgmOAAYRKO3Mtum/komkXFoA
0	216	1640207759.420283	CAESFwAAAAAWUxMAVGhTaAIAAQA3cr72TUwPKO+2sY+f/IqnygFaAA==
1	212	1640207759.426537	CAESFwAAAACDlBMAU2hVaAIAAAA3YRCZAAYRKPqpxL+juuHwlwFaAA==
0	217	1640207759.460159	CAESFwAAAABhFhMAVWhUaAIAAQA3gXwaTUwPKKCfhJfs/pWcTloA
1	213	1640207759.476072	CAESFwAAAACMrBMAVGhWaAIAAAA3cr72wAYQKNukjcHho4fTG1oA
0	218	1640207759.504002	CAESFwAAAADgzBMAVmhVaAIAAQA3ks99TUwPKIjC2N35ko3t6wFaAA==
1	214	1640207759.509483	CAESFwAAAADXbxMAVWhXaAIAAAA3gXwawAYQKITIu+OKuI7gU1oA
0	219	1640207759.54375	CAESFwAAAABy+RMAV2hWaAIAAQA3oZ3fTUwPKOvH1J7s0tD5IVoA
1	215	1640207759.559572	CAESFwAAAABXJhMAVmhYaAIAAAA3ks99wAYQKPfd5p3+l7LY6QFaAA==
0	220	1640207759.587872	CAESFwAAAACUSxMAWGhXaAIAAQA3svQCTUwPKLXl36/TnLnAxwFI+fL4hqr49AJaCTDA0cqlATjgLw==
1	216	1640207759.592645	CAEYACAASPny+Iaq+PQCWgsoADDA0cqlATjgL2AJ
1	217	1640207759.594271	CAESFwAAAADoUxMAV2hZaAIAAAA3oZ3fwAYQKNGG1cmt4PyfUloA
0	221	1640207759.62803	CAESFwAAAADAIhMAWWhYaAIAAQA3wWx2TUwPKPnf5p6rseOgqQFIsK37hqr49AJaCTDA0cqlATjgLw==
1	218	1640207759.642567	CAEYACAASLCt+4aq+PQCWgsoADDA0cqlATjgL2AJ
1	219	1640207759.642573	CAESFwAAAAALpBMAWGhaaAIAAAA3svQCwAYQKLfC9JSworWY8wFaAA==
0	222	1640207759.670029	CAESFwAAAAAWbhMAWmhZaAIAAQA30gokTUwPKJ28zZGjwd34e0iW9f2Gqvj0AloJMMDRyqUBOOAv
1	220	1640207759.676003	CAEYACAASJb1/Yaq+PQCWgsoADDA0cqlATjgL2AJ
1	221	1640207759.676007	CAESFwAAAAA3exMAWWhbaAIAAAA3wWx2wAYQKPrhhqX2iOqWXloA
0	223	1640207759.720665	CAESFwAAAADgNxMAW2haaAIAAQA34fqOTUwPKJu4w4Lgu/rhdkjAgIGHqvj0AloJMMDRyqUBOOAv
1	222	1640207759.726638	CAEYACAASMCAgYeq+PQCWgsoADDA0cqlATjgL2AJ
1	223	1640207759.726645	CAESFwAAAACMxxMAWmhcaAIAAAA30gokwAYQKJevkbnAyd6ZtQFaAA==
0	224	1640207759.754736	CAESFwAAAADGFhMAXGhbaAIAAQA38hyVTUwPKI2+weemo8bHKVoA
1	224	1640207759.759974	CAESFwAAAACxMBMAW2hdaAIAAAA34fqOxgYQKNTvmbfx8p/YtgFaAA==
0	225	1640207759.80402	CAESFwAAAAAbnhMAXWhcaAIAAQA3AYNBTUwPKKiniJHEkPLH+AFaAA==
1	225	1640207759.810379	CAESFwAAAACXDxMAXGheaAIAAAA38hyVxgYQKL2X+sOJpI/qBloA
0	226	1640207759.838866	CAESFwAAAAAJZRMAXmhdaAIAAQA3En1/TUwPKJe557XQp8iC9wFaAA==
1	226	1640207759.844817	CAESFwAAAADmnRMAXWheaAIAAAA3AYNBxgYQKOGL8aDS8KL83AFaAA==
0	227	1640207759.883148	CAESFwAAAAC0mxMAX2heaAIAAQA3IUXETUwPKIWjm4izw6L6gQFaAA==
1	227	1640207759.893815	CAESFwAAAADZXhMAXmhgaAIAAAA3En1/xgYQKO2ggaDGjcnPowFaAA==
0	228	1640207759.922513	CAESFwAAAACVdBMAYGhfaAIAAQA3MgY3TUwPKLDz5JPQ1qT55gFaAA==
1	228	1640207759.926659	CAESFwAAAACAmhMAX2hgaAIAAAA3IUXExgYQKOyttbiHtO2kY1oA
0	229	1640207759.966219	CAESFwAAAAB/JhMAYWhgaAIAAQA3QWcpTUwPKNjF69i1/5ONdFoA
1	229	1640207759.976892	CAESFwAAAABmbRMAYGhiaAIAAAA3MgY3xgYQKIGpoPKA6ITk1gFaAA==
1	230	1640207760.010006	CAESFwAAAABLJRMAYWhiaAIAAAA3QWcpxgYQKNC72LelqMOJ/QFaAA==
0	230	1640207760.022176	CAESFwAAAAD3/BMAYmhiaAIAAQA3UlnTTUwPKMX6q7fL0tfz2QFaAA==
0	231	1640207760.048697	CAESFwAAAACUeRMAY2hiaAIAAQA3YTTPTUwPKOfG+/Cr/q6LNloA
1	231	1640207760.059858	CAESFwAAAADD+xMAYmhkaAIAAAA3UlnTxgYQKJH0+4rApb2zEVoA
1	232	1640207760.092686	CAESFwAAAABgeBMAY2hkaAIAAAA3YTTPxgYQKLzMu7rwg7LwY1oA
0	232	1640207760.09408	CAESFwAAAAAQLRMAZGhkaAIAAQA3cuTbTUwPKP/ao7PI/ZDN+gFaAA==
0	233	1640207760.133397	CAESFwAAAACjjxMAZWhkaAIAAQA3gbQGTUwPKNCCk9SF7M7IlgFaAA==
1	233	1640207760.144706	CAESFwAAAADbLBMAZGhmaAIAAAA3cuTbxgYQKOCsi5jB9eupD1oA
0	234	1640207760.174655	CAESFwAAAADvehMAZmhlaAIAAQA3ki1DTUwPKIzjjqyr9seHhQFaAA==
1	234	1640207760.178569	CAESFwAAAABvjhMAZWhmaAIAAAA3gbQGxgYQKKqb4ZysqO6gVVoA
0	235	1640207760.220739	CAESFwAAAACgaRMAZ2hmaAIAAQA3oY8wTUwPKNCRq6L+w/O0M1oA
1	235	1640207760.227501	CAESFwAAAADAcxMAZmhoaAIAAAA3ki1DxgYQKMzege3J3Izt2gFaAA==
0	236	1640207760.25837	CAESFwAAAAD4rRMAaGhnaAIAAQA3snCfTUwPKKarrcSt3Iqq3gFaAA==
1	236	1640207760.260688	CAESFwAAAABsaBMAZ2hoaAIAAAA3oY8wxgYQKIzUloeVtaiy5gFaAA==
0	237	1640207760.304096	CAESFwAAAAAr+xMAaWhoaAIAAQA3wQV5TUwPKMvHjYvQt+CHowFaAA==
1	237	1640207760.311264	CAESFwAAAAC6thMAaGhqaAIAAAA3snCfxQYQKPjej6iPrbLAJloA
0	238	1640207760.342057	CAESFwAAAABVQBMAamhpaAIAAQA30ppiTUwPKJSAtt7rwvSyY1oA
1	238	1640207760.361279	CAESFwAAAADsBRMAaWhraAIAAAA3wQV5xQYQKNiZ7aGRgNudowFaAA==
0	239	1640207760.385457	CAESFwAAAACKxhMAa2hqaAIAAQA34e5BTUwPKLe01Kv89dPDiQFaAA==
1	239	1640207760.394139	CAESFwAAAAAXSRMAamhsaAIAAAA30ppixQYQKML0tuL6xJO3vQFaAA==
0	240	1640207760.42865	CAESFwAAAACZCBMAbGhraAIAAQA38kWHTUwPKNDGlp7iw/eA8QFaAA==
1	240	1640207760.429223	CAESFwAAAABH1RMAa2hsaAIAAAA34e5BxQYQKMiGle2F0KT9JFoA
0	241	1640207760.468577	CAESFwAAAACYvRMAbWhsaAIAAQA3ATTTTUwPKO+s/qzhq8H2nQFaAA==
1	241	1640207760.47731	CAESFwAAAABbERMAbGhuaAIAAAA38kWHxQYQKPinodD4zeT5d1oA
0	242	1640207760.511791	CAESFwAAAACWOxMAbmhtaAIAAQA3Ej86TUwPKOq4x66vhPnliwFaAA==
1	242	1640207760.527485	CAESFwAAAABaxhMAbWhvaAIAAAA3ATTTxQYQKOHE2537j/7Pb1oA
0	243	1640207760.552422	CAESFwAAAADg7BMAb2huaAIAAQA3IfpxTUwPKIuWq/GSv6qvd1oA
1	243	1640207760.561242	CAESFwAAAABYRBMAbmhwaAIAAAA3Ej86xQYQKMvk9f7pt6XxrAFaAA==
0	244	1640207760.595267	CAESFwAAAAC3OhMAcGhvaAIAAQA3MvNBTUwPKPXC2dbvrc7DowFaAA==
1	244	1640207760.611033	CAESFwAAAACi9RMAb2hxaAIAAAA3IfpxxQYQKPO00pm7mKvOmQFaAA==
0	245	1640207760.638654	CAESFwAAAABo2hMAcWhwaAIAAQA3QZ40TUwPKLmh1P6TmYqEGVoA
1	245	1640207760.643969	CAESFwAAAAB5QxMAcGhyaAIAAAA3MvNBxQYQKLX43oue94jG7gFaAA==
0	246	1640207760.687746	CAESFwAAAABrVBMAcmhxaAIAAQA3UpasTUwPKKzpjNO+1Z3Z0QFaAA==
1	246	1640207760.69394	CAESFwAAAAAq4xMAcWhzaAIAAAA3QZ40xQYQKMnm/9LF09zK4AFaAA==
0	247	1640207760.720198	CAESFwAAAACeBBMAc2hyaAIAAQA3YciGTUwPKLPCrIaCp52mIloA
1	247	1640207760.728027	CAESFwAAAAAtXRMAcmh0aAIAAAA3UpasxQYQKJm31K/dnKvwgwFaAA==
0	248	1640207760.761849	CAESFwAAAADjshMAdGhzaAIAAQA3cvVSTUwPKIL0xIqWmK3QzwFaAA==
0	249	1640207760.765404	CAESFAAAAAAjYxAA7wL3AgAEAQB3AQAAKNj845v/uamKf1oA
1	248	1640207760.77698	CAESFAAAAAAXbhAA9wLwAgAFAAB3AQAAKJrP/oyNl5rXDVoA
1	249	1640207760.776984	CAESFwAAAABgDRMAc2h1aAIAAAA3YciGxQYQKNm/rd7kitqDrgFaAA==
0	250	1640207760.804433	CAESFwAAAAD5PxMAdWh0aAIAAQA3gcjLTUwPKIPXqO29xM2o6QFaAA==
1	250	1640207760.810188	CAESFwAAAACluxMAdGh2aAIAAAA3cvVSxQYQKLeqnPb10Zv5nQFaAA==
0	251	1640207760.810354	CAESEAAAAAD6AQwA+AL4AgAAAQEoxIf58aCVr77lAVoA
0	252	1640207760.846014	CAESFwAAAAA9+hMAdmh1aAIAAQA3kl0lTUwPKKbh4ZXR7q7UqwFaAA==
1	251	1640207760.860753	CAESFwAAAAC7SBMAdWh3aAIAAAA3gcjLxQYQKKKs6taftrebjAFaAA==
0	253	1640207760.889602	CAESFwAAAADuBxMAd2h2aAIAAQA3oRmaTUwPKPKEpbCMr9eumAFaAA==
1	252	1640207760.894445	CAESFwAAAAD5ChMAdmh3aAIAAAA3kl0lxQYQKOOrxdbrkc2jdVoA
0	254	1640207760.933032	CAESFwAAAACWJBMAeGh3aAIAAQA3snhjTUwPKJiLrNj0pJHmxAFaAA==
1	253	1640207760.944128	CAESFwAAAACwEBMAd2h5aAIAAAA3oRmaxQYQKIum2qWj9aC5aloA
0	255	1640207760.973351	CAESFwAAAAB4ShMAeWh4aAIAAQA3wfPOTUwPKLbG7cPQu5znFFoA
1	254	1640207760.977273	CAESFwAAAABTMxMAeGh5aAIAAAA3snhjxQYQKLDmr+SExs2HDVoA
1	255	1640207760.993916	CAESFAAAAAAScxAA+ALwAgAEAAB3AQAAKMrzs+T36/OScVoA
0	256	1640207760.995381	CAESFAAAAAA4ShAA8AL5AgAFAQB3AQAAKNCsrPua6oDX8gFaAA==
0	257	1640207761.015744	CAESFwAAAAB3IBMAemh5aAIAAQA30hu/TUwPKP7C+J3g7/rPwAFaAA==
1	256	1640207761.028747	CAESFwAAAAA6UxMAeWh7aAIAAAA3wfPOxQYQKOCXsau96MKB2gFaAA==
1	257	1640207761.044252	CAESEAAAAAC5UQwA8QLxAgAAAAEo6dmJqpSMh91XWgA=
0	258	1640207761.058824	CAESFwAAAADOVRMAe2h6aAIAAQA34eFbTUwPKN/lwfzd0sypQ1oA
1	258	1640207761.061203	CAESFwAAAADoOxMAemh7aAIAAAA30hu/BQYQKPbol6jMxP+S1AFaAA==
0	259	1640207761.099139	CAESFwAAAACRtBMAfGh7aAIAAQA38gv8TUwPKK/fhZnygsujgAFaAA==
1	259	1640207761.111176	CAESFwAAAABFahMAe2h9aAIAAAA34eFbBQYQKNmk/sCo5ZG/XFoA
0	260	1640207761.140035	CAESFwAAAABqvRMAfWh8aAIAAQA3AaduTUwPKO2k6vb11NGaTFoA
1	260	1640207761.145259	CAESFwAAAAADzxMAfGh9aAIAAAA38gv8BQYQKOOe/t7AiMLlFloA
0	261	1640207761.187482	CAESFwAAAACsNhMAfmh9aAIAAQA3EvhPTUwPKLvPvqqaiJzTmwFaAA==
1	261	1640207761.195403	CAESFwAAAADg0hMAfWh/aAIAAAA3AaduBQYQKNSKu5vazbeyQloA
0	262	1640207761.225521	CAESFwAAAACRJRMAf2h+aAIAAQA3IUwXTUwPKKf4y9Pcqc3hUVoA
1	262	1640207761.227529	CAESFwAAAAAeURMAfmh/aAIAAAA3EvhPBQYQKPCOlNmYm6duWgA=
0	263	1640207761.266	CAESFwAAAABNNxMAgGh/aAIAAQA3MhlpTUwPKL3R/7fqlsnNyQFaAA==
1	263	1640207761.277171	CAESFwAAAAAIOhMAf2iBaAIAAAA3IUwXBQYQKI7Ls//ApYG4ywFaAA==
1	264	1640207761.310882	CAESFwAAAAC+UhMAgGiBaAIAAAA3MhlpBQYQKJ39xY3UoYiLogFaAA==
0	264	1640207761.313486	CAESFwAAAABxBhMAgWiBaAIAAQA3QXANTUwPKMv4stH9/tbphQFaAA==
0	265	1640207761.352361	CAESFwAAAABrzBMAgmiBaAIAAQA3Ur7rTUwPKJaBl9fg8cjHVFoA
1	265	1640207761.361127	CAESFwAAAADiIRMAgWiDaAIAAAA3QXANBQYQKPqbzN37iNGz1gFaAA==
1	266	1640207761.394625	CAESFwAAAADc5xMAgmiDaAIAAAA3Ur7rBQYQKLLI4Za4zIHEkAFaAA==
0	266	1640207761.395048	CAESFwAAAAA1KxMAg2iDaAIAAQA3YYfoTUwPKOOuq+v3xePjXVoA
0	267	1640207761.435106	CAESFwAAAABAPRMAhGiDaAIAAQA3creJTUwPKPjcuNuetO665QFaAA==
1	267	1640207761.444602	CAESFwAAAACmRhMAg2iFaAIAAAA3YYfoBQYQKN+B36Keq/KA0wFaAA==
0	268	1640207761.478663	CAESFwAAAACjgBMAhWiEaAIAAQA3gQWETUwPKOP03bWtj+npBFoA
1	268	1640207761.494405	CAESFwAAAAC2UhMAhGiGaAIAAAA3creJBQYQKPHS9/Pg9O3CQ1oA
0	269	1640207761.518488	CAESFwAAAAA28BMAhmiFaAIAAQA3khJhTUwPKJaJ0Lad0JS5nwFaAA==
1	269	1640207761.527468	CAESFwAAAACSnRMAhWiHaAIAAAA3gQWEhAYQKOuIkMek+faGKVoA
0	270	1640207761.56223	CAESFwAAAAAYHBMAh2iGaAIAAQA3oUcOTUwPKJL8l4q8yb2qzQFaAA==
1	270	1640207761.578564	CAESFwAAAAAlDhMAhmiIaAIAAAA3khJhhAYQKI7Eh+v0l5PEmgFaAA==
0	271	1640207761.602091	CAESFwAAAABhTRMAiGiHaAIAAQA3shWyTUwPKMuXoveB8Nbv9AFaAA==
1	271	1640207761.611279	CAESFwAAAAAHORMAh2iJaAIAAAA3oUcOhAYQKIvl5fCmte6l4QFaAA==
0	272	1640207761.645509	CAESFwAAAABenhMAiWiIaAIAAQA3wZ3KTUwPKJrzgeuE15iepQFaAA==
1	272	1640207761.66104	CAESFwAAAABQahMAiGiKaAIAAAA3shWyhAYQKILk77SV0oXMW1oA
0	273	1640207761.687861	CAESFwAAAACtuxMAimiJaAIAAQA30iq+TUwPKLfOmN7/p+mW8QFaAA==
1	273	1640207761.694506	CAESFwAAAABNuxMAiWiLaAIAAAA3wZ3KhAYQKOvvivn+g4umIFoA
0	274	1640207761.737178	CAESFwAAAAA6sBMAi2iKaAIAAQA34Vb/TUwPKJGJ24K6lbPPXloA
1	274	1640207761.744537	CAESFwAAAACc2BMAimiMaAIAAAA30iq+hAYQKMi9l6vFpevPZ1oA
0	275	1640207761.772163	CAESFwAAAAAd+hMAjGiLaAIAAQA38sRRTUwPKPTvz6+8v5OhZVoA
1	275	1640207761.7779	CAESFwAAAAApzRMAi2iNaAIAAAA34Vb/hAYQKKHPjbOfjbuVO1oA
0	276	1640207761.820408	CAESFwAAAABOrBMAjWiMaAIAAQA3AfooTUwPKM3W3pbR4vj05AFaAA==
1	276	1640207761.828288	CAESFwAAAAAMGBMAjGiOaAIAAAA38sRRhAYQKP21vv6Gh/veZ1oA
0	277	1640207761.855048	CAESFwAAAABh3hMAjmiNaAIAAQA3EufiTUwPKJSgs5j7r7+K/gFaAA==
1	277	1640207761.861674	CAESFwAAAAA9yRMAjWiPaAIAAAA3AfoohAYQKMeXqfCvtc3JdFoA
0	278	1640207761.898283	CAESFwAAAADK+RMAj2iOaAIAAQA3IQ0oTUwPKM6G5bfE3/HVfloA
1	278	1640207761.911293	CAESFwAAAABQ+xMAjmiQaAIAAAA3EufihAYQKIqh+LKEk8HPQVoA
0	279	1640207761.94188	CAESFwAAAABIChMAkGiPaAIAAQA3Mpv4TUwPKLClu4SR+obzxwFaAA==
1	279	1640207761.944147	CAESFwAAAAC0HRMAj2iQaAIAAAA3IQ0ohAYQKKmLhNKFyojH1QFaAA==
0	280	1640207761.980845	CAESFwAAAACC4xMAkWiQaAIAAQA3QRZZTUwPKPTAp9/795ShQloA
1	280	1640207761.994837	CAESFwAAAAA3JxMAkGiSaAIAAAA3Mpv4hAYQKJux3pCq2vWROFoA
0	281	1640207762.025234	CAESFwAAAABIXhMAkmiRaAIAAQA3UpaFTUwPKNypvsqmxrOpowFaAA==
1	281	1640207762.02828	CAESFwAAAACZ1hMAkWiSaAIAAAA3QRZZhwYQKN+Q5+y2nvLvTloA
0	282	1640207762.064415	CAESFwAAAADWYxMAk2iSaAIAAQA3YcOzTUwPKJW4qO7agMiLZVoA
1	282	1640207762.078766	CAESFwAAAABkSxMAkmiUaAIAAAA3UpaFhwYQKISEk6CYn6qomwFaAA==
0	283	1640207762.107447	CAESFwAAAAAT6xMAlGiTaAIAAQA3co4RTUwPKJz5tJPvw+mbWloA
1	283	1640207762.111638	CAESFwAAAADtVhMAk2iUaAIAAAA3YcOzhwYQKOju6ZGUrq3IqwFaAA==
0	284	1640207762.147815	CAESFwAAAABkfxMAlWiUaAIAAQA3gYYjTUwPKL2C95zNjdLuGVoA
1	284	1640207762.161352	CAESFwAAAAAv2BMAlGiWaAIAAAA3co4RhwYQKNnChrv8wbfIWFoA
0	285	1640207762.19064	CAESFwAAAABWlhMAlmiVaAIAAQA3kt+tTUwPKNicrs3UgbvY4wFaAA==
1	285	1640207762.194331	CAESFwAAAAB7chMAlWiWaAIAAAA3gYYjhwYQKLzTkdqg3c/MLVoA
0	286	1640207762.237327	CAESFwAAAAACphMAl2iWaAIAAQA3ob0DTUwPKOP2nfaW4vyekgFaAA==
1	286	1640207762.244239	CAESFwAAAABygxMAlmiYaAIAAAA3kt+thwYQKOnVmNS5rpqY8wFaAA==
0	287	1640207762.275173	CAESFwAAAABroRMAmGiXaAIAAQA3sqCoTUwPKJfAqJm286q6CVoA
1	287	1640207762.278912	CAESFwAAAAAZmRMAl2iYaAIAAAA3ob0DhwYQKM3RzL/Ags6NNloA
0	288	1640207762.320659	CAESFwAAAAAX8xMAmWiYaAIAAQA3wd5bTUwPKPfCwYzih/SeO1oA
1	288	1640207762.328301	CAESFwAAAACHjhMAmGiaaAIAAAA3sqCohwYQKPPux47TxK7qT1oA
0	289	1640207762.358632	CAESFwAAAAAFUxMAmmiZaAIAAQA30oBZTUwPKJuW2dCs7ojlIFoA
1	289	1640207762.360923	CAESFwAAAAAu5hMAmWiaaAIAAAA3wd5bhwYQKMrPzq61o7zvHFoA
0	290	1640207762.401592	CAESFwAAAABN6xMAm2iaaAIAAQA34bkuTUwPKMyV776aodP4oAFaAA==
1	290	1640207762.411438	CAESFwAAAAAhQBMAmmicaAIAAAA30oBZhwYQKI+ur/L1i+GAQVoA
0	291	1640207762.441723	CAESFwAAAAAhhBMAnGibaAIAAQA38sGmTUwPKM2Cvem5ioS2GloA
1	291	1640207762.446245	CAESFwAAAABk3hMAm2icaAIAAAA34bkuhwYQKO+j8IiWpu+Q2gFaAA==
0	292	1640207762.485619	CAESFwAAAAAJqhMAnWicaAIAAQA3AeRlTUwPKOni4bzHprbkTFoA
1	292	1640207762.49514	CAESFwAAAAA9cRMAnGieaAIAAAA38sGmhwYQKInns8HG4NrTDkj3nK6Iqvj0AloJMMDRyo0DOOAv
0	293	1640207762.497971	CAEYACAASPecroiq+PQCWgsoADDA0cqNAzjgL2AJ
0	294	1640207762.525947	CAESFwAAAACZthMAnmidaAIAAQA3Eo0NTUwPKJKRq6POpd71G1oA
1	293	1640207762.544182	CAESFwAAAADK9xMAnWifaAIAAAA3AeRlgQYQKNKi45TvkbnV2gFIpZ6xiKr49AJaCTDA0cqNAzjgLw==
0	295	1640207762.545823	CAEYACAASKWesYiq+PQCWgsoADDA0cqNAzjgL2AJ
0	296	1640207762.568244	CAESFwAAAABU8xMAn2ieaAIAAQA3IRGATUwPKM/ch7W1lsemzQFaAA==
1	294	1640207762.579609	CAESFwAAAABbBBMAnmigaAIAAAA3Eo0NgQYQKNHU37zz7rG4X0j3sbOIqvj0AloJMMDRyo0DOOAv
0	297	1640207762.582444	CAEYACAASPexs4iq+PQCWgsoADDA0cqNAzjgL2AJ
0	298	1640207762.611466	CAESFwAAAABlcRMAoGifaAIAAQA3Mv3xTUwPKJKRx9qx2vahmwFaAA==
1	295	1640207762.628409	CAESFwAAAAAWQRMAn2ihaAIAAAA3IRGAgQYQKJDiote+kcyuzAFIgrC2iKr49AJaCTDA0cqNAzjgLw==
0	299	1640207762.632444	CAEYACAASIKwtoiq+PQCWgsoADDA0cqNAzjgL2AJ
0	300	1640207762.655998	CAESFwAAAABUFhMAoWigaAIAAQA3QcqATUwPKL3i38iDo6WIPloA
1	296	1640207762.661258	CAESFwAAAAAnvhMAoGiiaAIAAAA3Mv3xgQYQKN2L78CJ6aCbjAFaAA==
0	301	1640207762.703228	CAESFwAAAADJjhMAomihaAIAAQA3UhwuTUwPKOXKvseV7drnkwFaAA==
1	297	1640207762.711686	CAESFwAAAAAWYxMAoWijaAIAAAA3QcqAgQYQKLPflcbD6/LlLVoA
0	302	1640207762.737122	CAESFwAAAAD2zxMAo2iiaAIAAQA3YbIYTUwPKOWWpZLG5dfofFoA
1	298	1640207762.745123	CAESFwAAAACL2xMAomikaAIAAAA3UhwugQYQKN6P5LvP5biVvAFaAA==
0	303	1640207762.778815	CAESFwAAAACm8BMApGijaAIAAQA3cmGFTUwPKIC8uMmP56jLM1oA
0	304	1640207762.781483	CAESFAAAAAA+QxAA8QL5AgAEAQB4AQAAKK69wa+zgaCapgFaAA==
1	299	1640207762.794944	CAESFAAAAAAyThAA+QLyAgAFAAB4AQAAKNCZg52qvOvoa1oA
1	300	1640207762.794948	CAESFwAAAAC4HRMAo2ilaAIAAAA3YbIYgQYQKMKt5LirusDO2wFaAA==
0	305	1640207762.820554	CAESFwAAAABjuRMApWikaAIAAQA3gSUrTUwPKLDx3Ie008eqOVoA
1	301	1640207762.8278	CAESFwAAAABoPhMApGimaAIAAAA3cmGFgQYQKOr6+ObnqureHloA
0	306	1640207762.830246	CAESEAAAAAAL7AwA+gL6AgAAAQEovKq67I6an8f1AVoA
0	307	1640207762.865015	CAESFwAAAABGyhMApmilaAIAAQA3krSUTUwPKLaYvP+Fr8jo/gFaAA==
1	302	1640207762.87907	CAESFwAAAAAlBxMApWinaAIAAAA3gSUrgQYQKPCFu+Tqsb75LVoA
0	308	1640207762.904782	CAESFwAAAAAD+RMAp2imaAIAAQA3od5tTUwPKK2G4uKyv871bloA
1	303	1640207762.911308	CAESFwAAAAAIGBMApmioaAIAAAA3krSUgQYQKKSR1Y6Lm5mXRFoA
0	309	1640207762.948529	CAESFwAAAABovBMAqGinaAIAAQA3shH/TUwPKNzg4uD2o6TEdFoA
1	304	1640207762.96187	CAESFwAAAADERxMAp2ipaAIAAAA3od5tgQYQKKSzx53J6rqARloA
0	310	1640207762.989231	CAESFwAAAABdwBMAqWioaAIAAQA3wUy6TUwPKNvHx6WD+oTqrwFaAA==
1	305	1640207762.994974	CAESFAAAAAAtUxAA+gLyAgAEAAB4AQAAKIGZyuel35SFFVoA
1	306	1640207762.994978	CAESFwAAAAAqChMAqGiqaAIAAAA3shH/gQYQKNSx/dDMl8WEZFoA
0	311	1640207762.998162	CAESFAAAAABTKhAA8gL7AgAFAQB4AQAAKLj7ie6mq6y9rwFaAA==
0	312	1640207763.032697	CAESFwAAAABMahMAqmipaAIAAQA30s6MTUwPKIuJ8+WWy7bmtAFaAA==
1	307	1640207763.044989	CAESEAAAAADJPQwA8wLzAgAAAAEon9/V4+3jts0xWgA=
1	308	1640207763.044993	CAESFwAAAAAfDhMAqWiraAIAAAA3wUy6gQYQKIHo2qm+8LC5dVoA
0	313	1640207763.07275	CAESFwAAAAApGBMAq2iqaAIAAQA34SyTTUwPKIvQ8ef9joiGF1oA
1	309	1640207763.078771	CAESFwAAAAAOtxMAqmisaAIAAAA30s6MgQYQKNTjx5mWxdKI3gFaAA==
0	314	1640207763.115518	CAESFwAAAAALGRMArGiraAIAAQA38qseTUwPKK3U8f3C/5fYuQFaAA==
1	310	1640207763.128194	CAESFwAAAADqZRMAq2itaAIAAAA34SyTgQYQKPTNvtCvsabFuwFaAA==
0	315	1640207763.155771	CAESFwAAAACGdRMArWisaAIAAQA3ATKvTUwPKMaInJfO6/bv2AFaAA==
1	311	1640207763.162178	CAESFwAAAADMZhMArGiuaAIAAAA38qsegQYQKJ+b1+Pvn/XVuQFaAA==
0	316	1640207763.203291	CAESFwAAAADFKxMArmitaAIAAQA3EleCTUwPKK3I5pXaiPPJ+wFaAA==
1	312	1640207763.212154	CAESFwAAAABIwhMArWivaAIAAAA3ATKvgQYQKOCaspKOstOMogFaAA==
0	317	1640207763.242351	CAESFwAAAACIOxMAr2iuaAIAAQA3IdobTUwPKPjtw8nKutfxE1oA
1	313	1640207763.244916	CAESFwAAAACCfhMArmivaAIAAAA3EleCgQYQKKnLw6rI1pWgrAFaAA==
0	318	1640207763.285124	CAESFwAAAADmOxMAsGivaAIAAQA3Mh1nTUwPKIGh7v+G9oi5PVoA
1	314	1640207763.295413	CAESFwAAAABKiBMAr2ixaAIAAAA3IdobgQYQKIDup8C2vIXSugFaAA==
0	319	1640207763.324146	CAESFwAAAACOWxMAsWiwaAIAAQA3QVZVTUwPKPi6ysDXseucEVoA
1	315	1640207763.329675	CAESFwAAAACjjhMAsGixaAIAAAA3Mh1ngQYQKN20qNyRkIXPHVoA
0	320	1640207763.369	CAESFwAAAAAGDRMAsmixaAIAAQA3UmgHTUwPKI2hw9WjjPz0wQFaAA==
1	316	1640207763.379004	CAESFwAAAABQqBMAsWizaAIAAAA3QVZVgQYQKPbZjs6bwJjaLloA
0	321	1640207763.409551	CAESFwAAAADMAxMAs2iyaAIAAQA3YR2ETUwPKP3w55HljayS9wFaAA==
1	317	1640207763.411794	CAESFwAAAADCYBMAsmizaAIAAAA3UmgHgQYQKKuSluzno8rV2wFaAA==
0	322	1640207763.453068	CAESFwAAAAAuDhMAtGizaAIAAQA3cpeKTUwPKLSqqrbGtNnJ3AFaAA==
1	318	1640207763.462071	CAESFwAAAACOUBMAs2i1aAIAAAA3YR2EgQYQKNb21Y3opMCctAFaAA==
0	323	1640207763.492665	CAESFwAAAAAlJRMAtWi0aAIAAQA3galZTUwPKPHFhve88JmLe1oA
1	319	1640207763.494897	CAESFwAAAADqYRMAtGi1aAIAAAA3cpeKgQYQKK+PqdCu0s+97QFaAA==
0	324	1640207763.535433	CAESFwAAAACtmhMAtmi1aAIAAQA3kgfqTUwPKIDr+/v+ooC2UFoA
1	320	1640207763.544541	CAESFwAAAADmchMAtWi3aAIAAAA3galZgQYQKOmu2sjN/LmJU1oA
0	325	1640207763.576278	CAESFwAAAAA4tBMAt2i2aAIAAQA3oUnyTUwPKOiF792p/4PrnAFaAA==
1	321	1640207763.578507	CAESFwAAAABq7RMAtmi3aAIAAAA3kgfqgQYQKJD9yZTsuZfQVVoA
0	326	1640207763.618851	CAESFwAAAADi6xMAuGi3aAIAAQA3sg45TUwPKOOzvZeJn+2eNVoA
1	322	1640207763.628535	CAESFwAAAAD5AhMAt2i5aAIAAAA3oUnygQYQKPrqo7P3hIzOc1oA
0	327	1640207763.661928	CAESFwAAAAC9NxMAuWi4aAIAAQA3weolTUwPKPa69dH7hP/6SFoA
1	323	1640207763.67906	CAESFwAAAACkORMAuGi6aAIAAAA3sg45gQYQKNzJuqPX/taUvAFaAA==
0	328	1640207763.704515	CAESFwAAAACjaBMAumi5aAIAAQA30otaTUwPKIS6tqLKnNOOGVoA
1	324	1640207763.711897	CAESFwAAAAB/hBMAuWi7aAIAAAA3weolgQYQKKDKtNjD9vLewQFaAA==
1	325	1640207763.74656	CAESFwAAAABguxMAumi7aAIAAAA30otagQYQKPfyrtOlha7SNloA
0	329	1640207763.753719	CAESFwAAAAAEXxMAu2i7aAIAAQA34SlTTUwPKIXB4M7D/JCk8gFaAA==
1	326	1640207763.795581	CAESFwAAAAC7uBMAu2i8aAIAAAA34SlTgQYQKPGr7+yLke3HhQFaAA==
0	330	1640207763.804351	CAESFwAAAADXaxMAvGi8aAIAAQA38uCoTUwPKOX00qr7ldybGFoA
0	331	1640207763.827934	CAESFwAAAACgnBMAvWi8aAIAAQA3AUU7TUwPKKWUo4OG8b/o4gFaAA==
1	327	1640207763.845073	CAESFwAAAACUvhMAvGi+aAIAAAA38uCogQYQKJqE88b14cv+HloA
0	332	1640207763.872906	CAESFwAAAADwphMAvmi9aAIAAQA3Es1FTUwPKN6Q0dyGyrSqaVoA
1	328	1640207763.879065	CAESFwAAAABi6RMAvWi/aAIAAAA3AUU7gQYQKMb35Z2QvZitsgFaAA==
0	333	1640207763.912116	CAESFwAAAAApxBMAv2i+aAIAAQA3IaoBTUwPKNGnjuKgtL/9QVoA
1	329	1640207763.929132	CAESFwAAAACy8xMAvmjAaAIAAAA3Es1FgQYQKJmP6ZfPs/vy3QFaAA==
0	334	1640207763.955195	CAESFwAAAAB7gRMAwGi/aAIAAQA3Mk86TUwPKJezpo/8p/DgpgFaAA==
1	330	1640207763.962085	CAESFwAAAADqEhMAv2jBaAIAAAA3IaoBgQYQKJW5z4LBtNv+pAFaAA==
0	335	1640207763.997692	CAESFwAAAACy9BMAwWjAaAIAAQA3QZA9TUwPKIKw9O2xmOLXtQFaAA==
1	331	1640207764.01226	CAESFwAAAAA9zhMAwGjCaAIAAAA3Mk86gQYQKIPmo/HDpsXzO1oA
0	336	1640207764.041596	CAESFwAAAABb2hMAwmjBaAIAAQA3UuVGTUwPKN2vh/iy1aiE1QFaAA==
1	332	1640207764.04551	CAESFwAAAABvSBMAwWjCaAIAAAA3QZA9gQYQKMzWg6Pdmrn9vAFaAA==
0	337	1640207764.08078	CAESFwAAAABIbBMAw2jCaAIAAQA3YdvATUwPKOKwp5r5xv3OwwFaAA==
1	333	1640207764.095729	CAESFwAAAAAdKBMAwmjEaAIAAAA3UuVGgQYQKIDUgr7UjsmScFoA
0	338	1640207764.125323	CAESFwAAAAC7mxMAxGjDaAIAAQA3ck2ZTUwPKOnd6v7rqJr0cVoA
1	334	1640207764.129167	CAESFwAAAAAFvxMAw2jEaAIAAAA3YdvAgQYQKNSyvOfA0u75zgFaAA==
0	339	1640207764.165121	CAESFwAAAACYQBMAxWjEaAIAAQA3gSkrTUwPKIvD4MC99/O1twFaAA==
1	335	1640207764.179167	CAESFwAAAAB96BMAxGjGaAIAAAA3ck2ZgQYQKJucppuZm8u7zAFaAA==
0	340	1640207764.208653	CAESFwAAAAAB9BMAxmjFaAIAAQA3kvIxTUwPKKbl38jml6u+4wFaAA==
1	336	1640207764.213512	CAESFwAAAACvMxMAxWjGaAIAAAA3gSkrhwYQKPfN9uXQiY60zwFaAA==
0	341	1640207764.253845	CAESFwAAAAA8FxMAx2jGaAIAAQA3oWpLTUwPKKiZtZWRx8X03AFaAA==
1	337	1640207764.261873	CAESFwAAAAAd4RMAxmjIaAIAAAA3kvIxhwYQKNT04Yi4kJ+3aFoA
1	338	1640207764.296102	CAESFwAAAABTChMAx2jIaAIAAAA3oWpLhwYQKPHI6Kqxs8TS+QFaAA==
0	342	1640207764.304716	CAESFwAAAABhoBMAyGjIaAIAAQA3snh6TUwPKNCKjJL7rNnyIVoA
0	343	1640207764.335236	CAESFwAAAACcgRMAyWjIaAIAAQA3wYo8TUwPKNDc+r/ngYCHNFoA
1	339	1640207764.346285	CAESFwAAAAB4kxMAyGjKaAIAAAA3snh6hwYQKJ66+u7irqntlAFaAA==
0	344	1640207764.374536	CAESFwAAAAC21RMAymjJaAIAAQA30jAVTUwPKKX7vZ6pp/TZOFoA
1	340	1640207764.378831	CAESFwAAAACzdBMAyWjKaAIAAAA3wYo8hwYQKKL4tsqijfiprwFaAA==
0	345	1640207764.418055	CAESFwAAAADz8RMAy2jKaAIAAQA34d38TUwPKJzAsrP9laukLVoA
1	341	1640207764.429229	CAESFwAAAADSwhMAymjMaAIAAAA30jAVhwYQKIzEu9+blJKgoQFaAA==
0	346	1640207764.458542	CAESFwAAAACQ0xMAzGjLaAIAAQA38iApTUwPKPnhzaPQ7YvIPVoA
1	342	1640207764.461449	CAESFwAAAAAL5BMAy2jMaAIAAAA34d38hwYQKK+no9G9wqDFmQFaAA==
0	347	1640207764.50165	CAESFwAAAACf6xMAzWjMaAIAAQA3AbxVTUwPKO3koP6VmdGK5QFaAA==
1	343	1640207764.512637	CAESFwAAAACswBMAzGjOaAIAAAA38iAphwYQKJrMiM/49t2zCFoA
0	348	1640207764.544607	CAESFwAAAACFPhMAzmjNaAIAAQA3Eo05TUwPKNzKvpDZ/96nwQFaAA==
1	344	1640207764.545955	CAESFwAAAAC23hMAzWjOaAIAAAA3AbxVhwYQKKyZhZPYj8S4kgFaAA==
0	349	1640207764.585011	CAESFwAAAACGkBMAz2jOaAIAAQA3Ib+uQUwPKMTyzqWr6rC0igFaAA==
1	345	1640207764.596447	CAESFwAAAAChKxMAzmjQaAIAAAA3Eo05hwYQKOWs4uSyltuO5wFaAA==
0	350	1640207764.627998	CAESFwAAAAA3bBMA0GjPaAIAAQA3MimlQUwPKP6S1OHqhtDrTFoA
1	346	1640207764.630477	CAESPwAAAABlNTsACwAEAAEAAAAAmnFxcXFxcXFxcXFxcXFxcXFxcXFxcXFxcXFxcXFxcXFxcXFxcXFxcXFxcXFxACiUjIa+0K+J6LMBWgA=
1	347	1640207764.630481	CAESFwAAAAAl8hMAz2jQaAIAAAA3Ib+uhAYQKIaL9IGktKKwDVoA
0	351	1640207764.669998	CAESFwAAAABKUhMA0WjQaAIAAQA3QUZ+QUwPKK6ViJ/ZiILRKloA
0	352	1640207764.674408	CAESEAAAAACGUgwADAAMAAEAAQEopLOY+sjl/f4CWgA=
1	348	1640207764.678908	CAESFwAAAADayBMA0GjSaAIAAAA3MimlhAYQKPz/6cbxkLmYWloA
1	349	1640207764.714313	CAESFwAAAADotBMA0WjSaAIAAAA3QUZ+hAYQKOa+k8CX9/qMdVoA
0	353	1640207764.720346	CAESFwAAAABK6BMA0mjSaAIAAQA3UspPQUwPKPmDw+vSi9SbUloA
0	354	1640207764.753745	CAESFwAAAAD0FBMA02jSaAIAAQA3YUXuQUwPKJiItZv6sb641AFIzJm0iar49AJaCTDA0cqlATjgLw==
1	350	1640207764.762629	CAEYACAASMyZtImq+PQCWgsoADDA0cqlATjgL2AJ
1	351	1640207764.762635	CAESFwAAAADoSxMA0mjUaAIAAAA3UspPhAYQKPvJzM/c7+aDpAFaAA==
1	352	1640207764.796509	CAESFwAAAACTdhMA02jUaAIAAAA3YUXuhAYQKJuB7d7lpufnBVoA
0	355	1640207764.803568	CAESFAAAAABZIxAA8wL7AgAEAQB5AQAAKOSox/nM3dH+SUi+nreJqvj0AloJMMDRyqUBOOAv
0	356	1640207764.80396	CAESFwAAAACLzBMA1GjUaAIAAQA3chm3QUwPKN+0mq6AwPq5XUiZoreJqvj0AloJMMDRyqUBOOAv
1	353	1640207764.813113	CAEYACAASL6et4mq+PQCWgsoADDA0cqlATjgL2AJ
1	354	1640207764.813118	CAESFAAAAABNLhAA+wL0AgAFAAB5AQAAKNLbv6f7s6G+M1oA
1	355	1640207764.81312	CAEYACAASJmit4mq+PQCWgsoADDA0cqlATjgL2AJ
0	357	1640207764.839132	CAESFwAAAACABRMA1WjUaAIAAQA3gYIRQUwPKPrB9cvxhrS7kwFIqrS5iar49AJaCTDA0cqlATjgLw==
1	356	1640207764.846322	CAEYACAASKq0uYmq+PQCWgsoADDA0cqlATjgL2AJ
1	357	1640207764.846327	CAESFwAAAAAqLxMA1GjWaAIAAAA3chm3hAYQKPXcw/vqhPuLcloA
0	358	1640207764.848678	CAESEAAAAAAb2AwA/AL8AgAAAQEo88rqvvKgqMsYWgA=
0	359	1640207764.879122	CAESFwAAAADVthMA1mjVaAIAAQA3kpTkQUwPKP2B9YzS0+GuZloA
1	358	1640207764.896198	CAESFwAAAAAkYRMA1WjXaAIAAAA3gYIRhAYQKN+DxNWHyNbF/gFaAA==
0	360	1640207764.92157	CAESFwAAAADaRBMA12jWaAIAAQA3oVl8QUwPKPDE4LvzuIy5cVoA
1	359	1640207764.929416	CAESFwAAAACKARMA1mjYaAIAAAA3kpTkhAYRKJ+J08+GvN6GvwFaAA==
0	361	1640207764.961653	CAESFwAAAAA8fhMA2GjXaAIAAQA3sj/nQUwPKLjokM+zvMiuJVoA
1	360	1640207764.980027	CAESFwAAAACPjhMA12jZaAIAAAA3oVl8hAYRKKudpoentIiWXloA
1	361	1640207764.995596	CAESFAAAAABIMxAA/AL0AgAEAAB5AQAAKOq0y8uYvNvyyQFaAA==
0	362	1640207764.998471	CAESFAAAAABuChAA9AL9AgAFAQB5AQAAKOf9nZ7qnYXYZVoA
0	363	1640207765.004981	CAESFwAAAAA5iRMA2WjYaAIAAQA3waViR0wPKIqR/YjIzei8dFoA
1	362	1640207765.012684	CAESFwAAAADwyBMA2GjaaAIAAAA3sj/nhAYRKLGg/JTu9ri05AFaAA==
0	364	1640207765.049539	CAESFwAAAABblRMA2mjZaAIAAQA30sb/R0wPKMG9p6TljqGSlgFaAA==
1	363	1640207765.062536	CAESEAAAAADZKQwA9QL1AgAAAAEovP3quJT08u5cWgA=
1	364	1640207765.062547	CAESFwAAAACTNBMA2WjbaAIAAAA3waVihAYRKK+Bs76B+bmR1wFaAA==
0	365	1640207765.088933	CAESFwAAAAB9QxMA22jaaAIAAQA34RXQR0wPKKO92u2fofraNVoA
1	365	1640207765.096563	CAESFwAAAAC1QBMA2mjcaAIAAAA30sb/hAYRKIGZ1NC2g77ixwFaAA==
0	366	1640207765.131673	CAESFwAAAADZXhMA3GjbaAIAAQA38vlhR0wPKOWOtLjrp7KlPVoA
1	366	1640207765.147157	CAESFwAAAADX7RMA22jdaAIAAAA34RXQhAYRKPLN4MaL2e+nIFoA
0	367	1640207765.174199	CAESFwAAAACq1hMA3WjcaAIAAQA3AfYLR0wPKPmr8bOclpSla1oA
1	367	1640207765.179331	CAESFwAAAAA0CRMA3GjeaAIAAAA38vlhhAYRKOTr9fjplI7aLVoA
0	368	1640207765.220272	CAESFwAAAAD5thMA3mjdaAIAAQA3EtziR0wPKN7Ry4f369qI+AFaAA==
1	368	1640207765.229981	CAESFwAAAAAFgRMA3WjfaAIAAAA3AfYLhAYRKOya/e3tmYWvF1oA
0	369	1640207765.256758	CAESFwAAAABKwhMA32jeaAIAAQA3IU0FR0wPKJrYo6yF8a/hkgFaAA==
1	369	1640207765.263102	CAESFwAAAABUYRMA3mjgaAIAAAA3EtzihAYRKJi3tL6is+XawQFaAA==
0	370	1640207765.304062	CAESFwAAAAA1kxMA4GjfaAIAAQA3MuebR0wPKMf02dT88KyriwFaAA==
1	370	1640207765.31424	CAESFwAAAACkbRMA32jhaAIAAAA3IU0FhAYRKK3luo32wajseVoA
0	371	1640207765.341718	CAESFwAAAAC7RxMA4WjgaAIAAQA3QQA4R0wPKNDuhbGt08WTE1oA
1	371	1640207765.346367	CAESFwAAAACKRBMA4GjhaAIAAAA3MuebhAYRKOOW5J2hiLDflgFaAA==
0	372	1640207765.386636	CAESFwAAAABQdBMA4mjhaAIAAQA3UpzGR0wPKN/64uTvs4SiZ1oA
1	372	1640207765.396517	CAESFwAAAAAW8RMA4WjjaAIAAAA3QQA4hAYRKOmH1tOxmYDQvgFaAA==
0	373	1640207765.424221	CAESFwAAAACXaRMA42jiaAIAAQA3Ydc+R0wPKLTXlvLemLCFQFoA
1	373	1640207765.430032	CAESFwAAAACqHxMA4mjkaAIAAAA3UpzGhAYRKJaGg/DkoI/k3gFaAA==
0	374	1640207765.469913	CAESFwAAAACfgBMA5GjjaAIAAQA3cuX9R0wPKKzNyPnrvKisOVoA
1	374	1640207765.479783	CAESFwAAAADxFBMA42jlaAIAAAA3Ydc+hAYRKIfCw/qKk6/xFVoA
0	375	1640207765.510322	CAESFwAAAABzgxMA5WjkaAIAAQA3gWBbh0wPKKnT85iv6taHVVoA
1	375	1640207765.515139	CAESFwAAAAD0MRMA5GjlaAIAAAA3cuX9hAYRKIi7ssHx6OHTS1oA
0	376	1640207765.551627	CAESFwAAAAB1WxMA5mjlaAIAAQA3kj6Qh0wPKKaWoZvMm/O86wFaAA==
1	376	1640207765.563653	CAESFwAAAAAKMhMA5WjnaAIAAAA3gWBbhAYRKMi2/f7P9bnFJFoA
0	377	1640207765.594744	CAESFwAAAACuMxMA52jmaAIAAQA3oePIh0wPKMy7l6KFkvqDZ1oA
1	377	1640207765.596669	CAESFwAAAAAHEBMA5mjnaAIAAAA3kj6QhAYRKOOHouSi6oH0pAFaAA==
0	378	1640207765.636368	CAESFwAAAABx4RMA6GjnaAIAAQA3srZxh0wPKKTj6JuOv9DPkgFaAA==
1	378	1640207765.646398	CAESFwAAAABF4RMA52jpaAIAAAA3oePIhAYRKNfm6Jm+6LaKDloA
1	379	1640207765.679607	CAESFwAAAAADlhMA6GjpaAIAAAA3srZxhAYRKLC+g7Wqu+C3M1oA
0	379	1640207765.686945	CAESFwAAAAAVpxMA6WjpaAIAAQA3wRSYh0wPKLKivKGU4tPw+AFaAA==
0	380	1640207765.720163	CAESFwAAAACSkBMA6mjpaAIAAQA30s9kh0wPKP7K5LuLu4O7nQFaAA==
1	380	1640207765.730069	CAESFwAAAACmXBMA6WjraAIAAAA3wRSYhAYRKLaWi/Ckgeeu2AFaAA==
0	381	1640207765.76013	CAESFwAAAABvoxMA62jqaAIAAQA34WESR0wPKJyoqZvO88KFtgFaAA==
1	381	1640207765.762657	CAESFwAAAAAkRRMA6mjraAIAAAA30s9khAYRKKCR+pHAhdSsnQFaAA==
0	382	1640207765.804031	CAESFwAAAAAk+RMA7GjraAIAAQA38tt5R0wPKL/vrJ71+5qSsQFaAA==
1	382	1640207765.814242	CAESFwAAAADJThMA62jtaAIAAAA34WEShAYRKMrNvpjO8pWv0gFaAA==
0	383	1640207765.844736	CAESFwAAAADtIhMA7WjsaAIAAQA3AaasR0wPKI7fnMPmnvmsE1oA
1	383	1640207765.846765	CAESFwAAAAB5qhMA7GjtaAIAAAA38tt5hAYRKL+gwuLSicDqlgFaAA==
0	384	1640207765.888813	CAESFwAAAACmohMA7mjtaAIAAQA3EpZwR0wPKIC8uqmruImslgFaAA==
1	384	1640207765.896708	CAESFwAAAABIzBMA7WjvaAIAAAA3AaashAYRKLnUxpy03OSiYFoA
0	385	1640207765.928182	CAESFwAAAADLJBMA72juaAIAAQA3ISItR0wPKOLW04yIreenaloA
1	385	1640207765.946727	CAESFwAAAAAuHRMA7mjwaAIAAAA3EpZwhwYRKLzZh/GamcnEHloA
0	386	1640207765.972175	CAESFwAAAABLsRMA8GjvaAIAAQA3MrV5R0wPKJz4k9+6zpa1GVoA
1	386	1640207765.979942	CAESFwAAAABTnhMA72jxaAIAAAA3ISIthwYRKJH2rpuO15WGSVoA
1	387	1640207766.014275	CAESFwAAAADNMhMA8GjxaAIAAAA3MrV5hwYRKKG2oMWIuaKXlQFaAA==
0	387	1640207766.015441	CAESFwAAAACfjxMA8WjxaAIAAQA3QWeDR0wPKKWD+9yElOCktQFaAA==
0	388	1640207766.055314	CAESFwAAAABqWxMA8mjxaAIAAQA3Ui0bQUwPKPyfr9ijwcb1kgFaAA==
1	388	1640207766.06352	CAESFwAAAAAiEBMA8WjzaAIAAAA3QWeDhwYRKKKlt8Sg4qWe9wFaAA==
0	389	1640207766.09808	CAESFwAAAABYRxMA82jyaAIAAQA3YSM6QUwPKLL104/8h/vM9QFaAA==
1	389	1640207766.114748	CAESFwAAAABMdRMA8mj0aAIAAAA3Ui0bhwYRKJzLz+/85bPs+QFaAA==
0	390	1640207766.137631	CAESFwAAAAC4MRMA9GjzaAIAAQA3cnyDQUwPKN2j5vP79ez5AVoA
1	390	1640207766.147799	CAESFwAAAAA6YRMA82j1aAIAAAA3YSM6hwYRKL/krey0oPGqOFoA
0	391	1640207766.187495	CAESFwAAAACp0RMA9Wj0aAIAAQA3gWP5QUwPKOqFuNq0qKa5rAFaAA==
1	391	1640207766.197077	CAESFwAAAACaSxMA9Gj2aAIAAAA3cnyDhwYRKL+B0uamkc/W3wFaAA==
0	392	1640207766.224952	CAESFwAAAABLoxMA9mj1aAIAAQA3kjubQUwPKI2vhdPh4eKMJFoA
1	392	1640207766.230093	CAESFwAAAACG8RMA9Wj2aAIAAAA3gWP5hwYRKObelrWCytDP8gFaAA==
0	393	1640207766.264859	CAESFwAAAACXDhMA92j2aAIAAQA3ob5QQUwPKO2nmffp98bdhAFaAA==
1	393	1640207766.28054	CAESFwAAAAAtvRMA9mj4aAIAAAA3kjubhwYRKJ+N9Z7qlNXfzAFaAA==
0	394	1640207766.307812	CAESFwAAAADwnRMA+Gj3aAIAAQA3snKgQUwPKObs8+DR2I61cloA
1	394	1640207766.314363	CAESFwAAAAAfiBMA92j5aAIAAAA3ob5QgQYRKLve9LrAp/ygDloA
0	395	1640207766.353288	CAESFwAAAAD4txMA+Wj4aAIAAQA3wVqFQUwPKN+a4cruotjDFVoA
1	395	1640207766.363144	CAESFwAAAAB4GBMA+Gj6aAIAAAA3snKggQYRKMTQtuTZkcn7XloA
1	396	1640207766.396686	CAESFwAAAAB7OBMA+Wj6aAIAAAA3wVqFgQYRKO+Dxeu1vdGIiAFaAA==
0	396	1640207766.405359	CAESFwAAAACDuRMA+mj6aAIAAQA30uBeQUwPKI2m/ciEwbDa8wFaAA==
0	397	1640207766.436049	CAESFwAAAAAiSxMA+2j6aAIAAQA34XaIQUwPKJDD2N+4xYyy5gFaAA==
1	397	1640207766.446795	CAESFwAAAAAGOhMA+mj8aAIAAAA30uBegQYRKPqV06rh0PiF6AFaAA==
0	398	1640207766.474758	CAESFwAAAAAYSxMA/Gj7aAIAAQA38tYfQUwPKNOprde9gNSwDVoA
1	398	1640207766.479383	CAESFwAAAACkyxMA+2j8aAIAAAA34XaIgQYRKOTVgbrOhqeT5wFaAA==
0	399	1640207766.519913	CAESFwAAAADmzhMA/Wj8aAIAAQA3AWMkTUwPKN7tnZ3HoMieA1oA
1	399	1640207766.530971	CAESFwAAAACfxRMA/Gj+aAIAAAA38tYfgQYRKISI7vSzwb/RB1oA
1	400	1640207766.563635	CAESFwAAAAC0EBMA/Wj+aAIAAAA3AWMkgQYRKPm88a2v1d/+SVoA
0	400	1640207766.569817	CAESFwAAAABT4BMA/mj+aAIAAQA3EswoTUwPKIyehK24x9DwM1oA
0	401	1640207766.603286	CAESFwAAAAClrBMA/2j+aAIAAQA3IasbTUwPKNObzvuc0/eaHFoA
1	401	1640207766.614684	CAESFwAAAACLORMA/mgAaQIAAAA3EswoAAYRKOPX4q+hmtOfCFoA
1	402	1640207766.647083	CAESFwAAAADdBRMA/2gAaQIAAAA3IasbAAYRKJywvdGA+7Km6QFaAA==
0	402	1640207766.654476	CAESFwAAAAAmtBMAAGkAaQIAAQA3MnazTUwPKNGohsTkm9/pwwFaAA==
0	403	1640207766.687538	CAESFwAAAAD1NhMAAWkAaQIAAQA3QQu9TUwPKNDVrbeKoqzvE1oA
1	403	1640207766.697065	CAESFwAAAABdDhMAAGkCaQIAAAA3MnazAAYRKIa4qt3UyYaILFoA
1	404	1640207766.730959	CAESFwAAAAAtjxMAAWkCaQIAAAA3QQu9AAYRKN3zwa698MyPaloA
0	404	1640207766.736769	CAESFwAAAADGzBMAAmkCaQIAAQA3UlP5TUwPKL3Lk+3qrK2WtAFaAA==
0	405	1640207766.768371	CAESFwAAAAAZzxMAA2kCaQIAAQA3YS26TUwPKK6Pmo2H9tLAzAFaAA==
1	405	1640207766.780725	CAESFwAAAAD9JhMAAmkEaQIAAAA3UlP5AAYRKNTL+a6AttWrlwFaAA==
1	406	1640207766.815071	CAESFwAAAABQKRMAA2kEaQIAAAA3YS26AAYRKOzT1+CypvCh9AFaAA==
0	406	1640207766.815146	CAESFwAAAAD8sBMABGkDaQIAAQA3clC/TUwPKJPv/PX/hNy0zAFaAA==
0	407	1640207766.817727	CAESFAAAAAB0AxAA9QL9AgAEAQB6AQAAKOjMpZPuuZa92wFaAA==
1	407	1640207766.830758	CAESFAAAAABoDhAA/QL2AgAFAAB6AQAAKKKghLjdhM6kfFoA
0	408	1640207766.853418	CAESFwAAAAAbUxMABWkEaQIAAQA3gXXITUwPKNKumMGAwcPAfVoA
1	408	1640207766.86378	CAESFwAAAAA5BBMABGkGaQIAAAA3clC/AAYRKM7qrtuzpdKiywFaAA==
0	409	1640207766.870153	CAESEAAAAAArxAwA/gL+AgAAAQEogMmb3O2UhesIWgA=
1	409	1640207766.897435	CAESFwAAAABSrBMABWkGaQIAAAA3gXXIAAYRKMe5/6ax5orCTVoA
0	410	1640207766.90315	CAESFwAAAAD2SRMABmkGaQIAAQA3kuB3TUwPKJ+r8LX+hovMfVoA
0	411	1640207766.937302	CAESFwAAAACjRxMAB2kGaQIAAQA3obXnTUwPKKS3gvWWq6/GoAFaAA==
1	410	1640207766.947239	CAESFwAAAAAuohMABmkIaQIAAAA3kuB3AAYRKLTr6q7MgI3JQVoA
0	412	1640207766.979255	CAESFwAAAABp4BMACGkHaQIAAQA3soKoTUwPKOqvw/3BitjKtgFaAA==
1	411	1640207766.980356	CAESFwAAAAA1QBMAB2kIaQIAAAA3obXnBgYRKKTQlKK5hOXNeloA
1	412	1640207766.997042	CAESFAAAAABjExAA/gL2AgAEAAB6AQAAKMqalp3yh8b4cloA
0	413	1640207766.998356	CAESFAAAAACJ6RAA9gL/AgAFAQB6AQAAKLC8hdHu8P6C0AFaAA==
0	414	1640207767.021244	CAESFwAAAADijBMACWkIaQIAAQA3wc4mTUwPKMzrhvn+rKu3T1oA
1	413	1640207767.030025	CAESFwAAAAD/0xMACGkKaQIAAAA3soKoBgYRKN3K3LyYiPeunAFaAA==
1	414	1640207767.047179	CAESEAAAAADpFQwA9wL3AgAAAAEoo7z0047trOHMAVoA
0	415	1640207767.06534	CAESFwAAAAD6uxMACmkJaQIAAQA30pr/TUwPKPWAtZ+qjKHvbloA
1	415	1640207767.08067	CAESFwAAAADEcxMACWkLaQIAAAA3wc4mxgYRKI3D6ayUmtm61QFaAA==
0	416	1640207767.105281	CAESFwAAAAC1dBMAC2kKaQIAAQA34V24TUwPKNSCkLmX/LzMJloA
1	416	1640207767.114477	CAESFwAAAADcohMACmkMaQIAAAA30pr/xgYRKLTDza/0xMycEVoA
0	417	1640207767.147576	CAESFwAAAADG1hMADGkLaQIAAQA38sXJTUwPKIfX+J/syq+6ywFaAA==
1	417	1640207767.163679	CAESFwAAAACXWxMAC2kNaQIAAAA34V24xgYRKNP1lI+Kz4KTlQFaAA==
0	418	1640207767.190457	CAESFwAAAACU0RMADWkMaQIAAQA3AczpTUwPKNeasfDVmcTyfFoA
1	418	1640207767.197398	CAESFwAAAACovRMADGkOaQIAAAA38sXJxgYRKM73iauvz6GdV1oA
0	419	1640207767.232032	CAESFwAAAAAOehMADmkNaQIAAQA3Ej9CTUwPKM6woe+hkeH2OFoA
1	419	1640207767.246873	CAESFwAAAAB2uBMADWkPaQIAAAA3AczpxgYRKPGO8eOug7WcMVoA
0	420	1640207767.272698	CAESFwAAAAASNBMAD2kOaQIAAQA3IagKTUwPKOixu7apnKvkyAFaAA==
1	420	1640207767.280283	CAESFwAAAADvYRMADmkQaQIAAAA3Ej9CxgYRKJeb1ZnQy8TxjQFaAA==
0	421	1640207767.319914	CAESFwAAAAC9ShMAEGkPaQIAAQA3Mi6vTUwPKP+P8fjC7vb7YFoA
1	421	1640207767.330615	CAESFwAAAADzGxMAD2kRaQIAAAA3IagKxgYRKMvZh4KEqoXsG1oA
0	422	1640207767.359341	CAESFwAAAAAk+xMAEWkQaQIAAQA3QURwTUwPKOH+9amwrejcnwFaAA==
1	422	1640207767.363602	CAESFwAAAACaNxMAEGkRaQIAAAA3Mi6vxgYRKJjSy4/00Zre3gFaAA==
0	423	1640207767.403194	CAESFwAAAAAXzRMAEmkRaQIAAQA3UliETUwPKOv59t/a9q/UPFoA
1	423	1640207767.414574	CAESFwAAAAAG4hMAEWkTaQIAAAA3QURwxgYRKND5su+98+m0Z1oA
0	424	1640207767.442312	CAESFwAAAABIdxMAE2kSaQIAAQA3YfzzTUwPKP+g//b+/Mz/wgFaAA==
1	424	1640207767.447905	CAESFwAAAAD4tBMAEmkUaQIAAAA3UliExgYRKIHS3fzOotrgtwFaAA==
0	425	1640207767.4847	CAESFwAAAADqahMAFGkTaQIAAQA3cvVSTUwPKKbNx6PTrqfzYFoA
1	425	1640207767.497176	CAESFwAAAAAqXhMAE2kVaQIAAAA3YfzzxgYRKJqN56flwfSzrwFaAA==
0	426	1640207767.525279	CAESFwAAAABZdBMAFWkUaQIAAQA3gb7/TUwPKNi6+4GympOJBloA
1	426	1640207767.530631	CAESFwAAAAC9YRMAFGkWaQIAAAA3cvVSxQYRKO35+bDOjNeyYFoA
0	427	1640207767.568294	CAESFwAAAAArjRMAFmkVaQIAAQA3kt3iTUwPKICt+eiklo7ftwFaAA==
1	427	1640207767.581372	CAESFwAAAAAsaxMAFWkXaQIAAAA3gb7/xQYRKJ3b+JqoiO+iRloA
0	428	1640207767.608217	CAESFwAAAAC2rRMAF2kWaQIAAQA3obxHTUwPKLbXs+Sbidf+W1oA
1	428	1640207767.615166	CAESFwAAAAD9hBMAFmkYaQIAAAA3kt3ixQYRKL/O07iwytPtoAFaAA==
0	429	1640207767.652211	CAESFwAAAAAmtBMAGGkXaQIAAQA3spzdTUwPKOHOvdPbn7P6X1oA
1	429	1640207767.664053	CAESFwAAAACJpBMAF2kZaQIAAAA3obxHxQYRKI2OtZCr/LTJKEiT3OmKqvj0AloJMMDRyo0DOOAv
0	430	1640207767.66967	CAEYACAASJPc6Yqq+PQCWgsoADDA0cqNAzjgL2AJ
0	431	1640207767.69276	CAESFwAAAACoeRMAGWkYaQIAAQA3wQIgTUwPKLG4iNKqk/y2ZVoA
1	430	1640207767.698019	CAESFwAAAADzsRMAGGkZaQIAAAA3spzdxQYRKKbB4oO5m6vHtgFI9uPriqr49AJaCTDA0cqNAzjgLw==
0	432	1640207767.698478	CAEYACAASPbj64qq+PQCWgsoADDA0cqNAzjgL2AJ
0	433	1640207767.736748	CAESFwAAAAAdQhMAGmkZaQIAAQA30v3TTUwPKOma1vv5wdL+pwFaAA==
1	431	1640207767.747794	CAESFwAAAAB7cBMAGWkbaQIAAAA3wQIgxQYRKLjL6aPf+5nLhwFIsuruiqr49AJaCTDA0cqNAzjgLw==
0	434	1640207767.753039	CAEYACAASLLq7oqq+PQCWgsoADDA0cqNAzjgL2AJ
0	435	1640207767.77715	CAESFwAAAAAvjRMAG2kaaQIAAQA34Z7ETUwPKOHwpJTd0uXZ+wFaAA==
1	432	1640207767.779546	CAESFwAAAADqPxMAGmkbaQIAAAA30v3TxQYRKL2F7q/d562qngFItOrwiqr49AJaCTDA0cqNAzjgLw==
0	436	1640207767.7865	CAEYACAASLTq8Iqq+PQCWgsoADDA0cqNAzjgL2AJ
0	437	1640207767.819614	CAESFwAAAACBGxMAHGkbaQIAAQA38teYTUwPKOyR0ZaF3tDhrwFaAA==
1	433	1640207767.830594	CAESFwAAAAAChBMAG2kdaQIAAAA34Z7ExQYRKMDeiZ+srY3xJ1oA
1	434	1640207767.863659	CAESFwAAAABPGBMAHGkdaQIAAAA38teYxQYRKP+//5Dw7bXH2QFaAA==
0	438	1640207767.871047	CAESFwAAAAAclBMAHWkdaQIAAQA3AepgTUwPKKaR+7CExafcPFoA
0	439	1640207767.903428	CAESFwAAAABTgBMAHmkdaQIAAQA3Epp7TUwPKK2cme3rlvrGlgFaAA==
1	435	1640207767.915655	CAESFwAAAADpkRMAHWkfaQIAAAA3AepgxQYRKPOP0Jrmpe7YDFoA
1	436	1640207767.947722	CAESFwAAAAAhfRMAHmkfaQIAAAA3Epp7xQYRKO3tqJu0n4LW1AFaAA==
0	440	1640207767.955261	CAESFwAAAADUuBMAH2kfaQIAAQA3IbWUTUwPKIDOjKCV7/HnM1oA
0	441	1640207767.986505	CAESFwAAAACX7xMAIGkfaQIAAQA3MhokTUwPKM/2+cetnu756QFaAA==
1	437	1640207767.997874	CAESFwAAAACitRMAH2khaQIAAAA3IbWUxQYRKPyQ6vGOk/KCL1oA
0	442	1640207768.028545	CAESFwAAAACqLBMAIWkgaQIAAQA3QX5fTUwPKN6Ny4L9lIP7aVoA
1	438	1640207768.030893	CAESFwAAAABl7BMAIGkhaQIAAAA3MhokxQYRKKDMzNiRo/C1yAFaAA==
0	443	1640207768.072054	CAESFwAAAACYHBMAImkhaQIAAQA3Uji0TUwPKNmkt9y6hNjzFVoA
1	439	1640207768.081324	CAESFwAAAAB9IxMAIWkjaQIAAAA3QX5fxQYRKNWyx77N2q27bVoA
0	444	1640207768.114439	CAESFwAAAABsOhMAI2kiaQIAAQA3YfbyTUwPKIfGge7zg7XpnwFaAA==
1	440	1640207768.115995	CAESFwAAAABmGRMAImkjaQIAAAA3Uji0xQYRKKeM8JDasvGirAFaAA==
0	445	1640207768.155554	CAESFwAAAAAJtRMAJGkjaQIAAQA3ctLrTUwPKJv5g/m/mZvzfloA
1	441	1640207768.164511	CAESFwAAAAA/MRMAI2klaQIAAAA3YfbyxQYRKN79utD8poDpFVoA
0	446	1640207768.195778	CAESFwAAAAAbnRMAJWkkaQIAAQA3geLQTUwPKOWQu+TU16PuNVoA
1	442	1640207768.215582	CAESFwAAAADbrBMAJGkmaQIAAAA3ctLrxQYRKJDsv72HpcGN5QFaAA==
0	447	1640207768.238121	CAESFwAAAAAidRMAJmklaQIAAQA3knVMTUwPKO31jIXXzpmSgAFaAA==
1	443	1640207768.247742	CAESFwAAAADtlBMAJWknaQIAAAA3geLQxQYRKLnHuKOgp7uI/QFaAA==
0	448	1640207768.287489	CAESFwAAAAA6uhMAJ2kmaQIAAQA3oRBDTUwPKPPg0uWS76euOFoA
1	444	1640207768.298833	CAESFwAAAAD0bBMAJmkoaQIAAAA3knVMxQYRKMHdnbeensD0jAFaAA==
1	445	1640207768.331561	CAESFwAAAAAItxMAJ2koaQIAAAA3oRBDxQYRKPfZ+6jB8YTeR1oA
0	449	1640207768.336941	CAESFwAAAADvkBMAKGkoaQIAAQA3snk6TUwPKPTapp3Lr4mVX1oA
0	450	1640207768.370281	CAESFwAAAACpWRMAKWkoaQIAAQA3wXOtTUwPKMm0gKuXl9yc0AFaAA==
1	446	1640207768.38164	CAESFwAAAAC9jRMAKGkqaQIAAAA3snk6xQYRKPKF6aL0vuOKVloA
0	451	1640207768.40807	CAESFwAAAAC3UBMAKmkpaQIAAQA30uggTUwPKI6E86fLhda3+gFaAA==
1	447	1640207768.415675	CAESFwAAAABrYhMAKWkraQIAAAA3wXOtxQYQKIvwy5P6gfP1TFoA
0	452	1640207768.453288	CAESFwAAAACorxMAK2kqaQIAAQA34WFGTUwPKKPJtMPflvOjHloA
1	448	1640207768.464784	CAESFwAAAAB5WRMAKmksaQIAAAA30uggxQYQKPv3yY6unfrD2AFaAA==
1	449	1640207768.498042	CAESFwAAAABlvhMAK2ksaQIAAAA34WFGxQYQKIOmmYHL642SlQFaAA==
0	453	1640207768.503117	CAESFwAAAAAYiRMALGksaQIAAQA38rCZTUwPKLayzYH3g9WOAVoA
0	454	1640207768.536672	CAESFwAAAAC4aRMALWksaQIAAQA3AeHYTUwPKJa0sPCpwpf2pwFaAA==
1	450	1640207768.547988	CAESFwAAAADUmBMALGkuaQIAAAA38rCZxQYQKPbV2/mT7oSF7gFaAA==
0	455	1640207768.574595	CAESFwAAAAD7wxMALmktaQIAAQA3EslATUwPKKL8xMfe0p66+wFaAA==
1	451	1640207768.580674	CAESFwAAAAB6chMALWkvaQIAAAA3AeHYxQYQKPLmjIz/zbC3DFoA
0	456	1640207768.622137	CAESFwAAAABN3hMAL2kuaQIAAQA3IVg0TUwPKKbJw7ec1avwSFoA
1	452	1640207768.631994	CAESFwAAAAC9zBMALmkwaQIAAAA3EslAxQYQKLr8tu2Pl8Tf7gFaAA==
0	457	1640207768.658854	CAESFwAAAAD+gBMAMGkvaQIAAQA3MuFETUwPKPuC+tGCi6fK9QFaAA==
1	453	1640207768.664572	CAESFwAAAADD8xMAL2kxaQIAAAA3IVg0BQYQKMHP7ZefndqsogFaAA==
0	458	1640207768.703835	CAESFwAAAABKCxMAMWkwaQIAAQA3QbKMTUwPKJWPrqrxpJvjJVoA
1	454	1640207768.714842	CAESFwAAAAB1lRMAMGkyaQIAAAA3MuFEBQYQKMXjrojws7/3SFoA
1	455	1640207768.74818	CAESFwAAAAC7JhMAMWkyaQIAAAA3QbKMBQYQKLSwn46+2omfYFoA
0	459	1640207768.7533	CAESFwAAAADuKRMAMmkyaQIAAQA3UihATUwPKJmo56eT66eIigFaAA==
0	460	1640207768.786668	CAESFwAAAADpfRMAM2kyaQIAAQA3Ya1bTUwPKIvSvbiU4rWyT1oA
1	456	1640207768.798283	CAESFwAAAABgRBMAMmk0aQIAAAA3UihABQYQKLP7+YHItd65tQFaAA==
1	457	1640207768.831704	CAESFwAAAABbmBMAM2k0aQIAAAA3Ya1bBQYQKOXcnYfU3Y76IloA
0	461	1640207768.836842	CAESFAAAAACP4hAA9wL/AgAEAQB7AQAAKI/Z+4On1qSctAFaAA==
0	462	1640207768.837001	CAESFwAAAABL0BMANGk0aQIAAQA3cisVTUwPKNjE0+f7sMHWWFoA
1	458	1640207768.847908	CAESFAAAAACD7RAA/wL4AgAFAAB7AQAAKMT35/GF5I/FxgFaAA==
0	463	1640207768.870038	CAESFwAAAABS4RMANWk0aQIAAQA3galuTUwPKKT15PnBhIPv8AFaAA==
1	459	1640207768.882169	CAESFwAAAAC86xMANGk2aQIAAAA3cisVBQYQKOz6t67P5pCDM1oA
0	464	1640207768.88644	CAESEAAAAAA9rgwAAAMAAwAAAQEojKGfsfHRv62VAVoA
1	460	1640207768.915802	CAESFwAAAADD/BMANWk2aQIAAAA3galuBQYQKIfmi4ab3qu64gFaAA==
0	465	1640207768.919888	CAESFwAAAABaTxMANmk2aQIAAQA3kvWYTUwPKLPn59fXg+zMOFoA
0	466	1640207768.953157	CAESFwAAAADC5RMAN2k2aQIAAQA3oXINTUwPKPSZ/d3KuaKMPFoA
1	461	1640207768.965134	CAESFwAAAADLahMANmk4aQIAAAA3kvWYBQYQKP+DufCdnZW3iAFaAA==
1	462	1640207768.998576	CAESFwAAAAA0ARMAN2k4aQIAAAA3oXINBQYQKOSrwN7mhOaP9AFaAA==
0	467	1640207769.003096	CAESFwAAAAC0ZxMAOGk4aQIAAQA3svAHTUwPKP/x3sXOjJ+ylQFaAA==
1	463	1640207769.015578	CAESFAAAAAB/8RAAAAP4AgAEAAB7AQAAKJa/wpXAgvHA0QFaAA==
0	468	1640207769.020191	CAESFAAAAAClyBAA+AIBAwAFAQB7AQAAKNmr473xsfOp3AFaAA==
0	469	1640207769.0375	CAESFwAAAAATrBMAOWk4aQIAAQA3wXbNTUwPKLiVkNnhi7vsSFoA
1	464	1640207769.048228	CAESFwAAAAAmghMAOGk6aQIAAAA3svAHBQYQKMf5/7aN9Kf3OloA
1	465	1640207769.06489	CAESEAAAAAD5AQwA+QL5AgAAAAEo+rmUjufb+qmGAVoA
1	466	1640207769.081649	CAESFwAAAACExxMAOWk6aQIAAAA3wXbNBQYQKOS9s4aM0sjoLVoA
0	470	1640207769.086617	CAESFwAAAACMyRMAOmk6aQIAAQA30oEYTUwPKPzT2/uKpY+hMloA
0	471	1640207769.119837	CAESFwAAAAARzBMAO2k6aQIAAQA34WqXTUwPKKb7jPXv2YG5sAFaAA==
1	467	1640207769.132051	CAESFwAAAAB27BMAOmk8aQIAAAA30oEYhAYQKNfa2q/fwPHLTloA
0	472	1640207769.161737	CAESFwAAAAAZuBMAPGk7aQIAAQA38tQmTUwPKK7t5ILb2/rpPVoA
1	468	1640207769.164094	CAESFwAAAAD67xMAO2k8aQIAAAA34WqXhAYQKLSx5Mad/7bJqAFaAA==
1	469	1640207769.215535	CAESFwAAAAAD2xMAPGk9aQIAAAA38tQmhAYQKPKBoL/r0Mi/fVoA
0	473	1640207769.219831	CAESFwAAAAAuxxMAPWk9aQIAAQA3AYw5TUwPKPqL46jate2qDFoA
0	474	1640207769.249162	CAESFwAAAABR5xMAPmk9aQIAAQA3Eo7hTUwPKJ+f84LNgam6qAFaAA==
1	470	1640207769.265212	CAESFwAAAAAY6hMAPWk/aQIAAAA3AYw5hAYQKO+E+cu/28vVrQFaAA==
0	475	1640207769.289576	CAESFwAAAAA8ZhMAP2k+aQIAAQA3Ia1ITUwPKNf219Xw3ua2BFoA
1	471	1640207769.297791	CAESFwAAAABABRMAPmlAaQIAAAA3Eo7hhAYQKOqf4OTkyOzvMVoA
0	476	1640207769.331738	CAESFwAAAABdiRMAQGk/aQIAAQA3MpoETUwPKNmU35LtwIOzigFaAA==
1	472	1640207769.348469	CAESFwAAAAArgxMAP2lBaQIAAAA3Ia1IhAYQKI+k7vGz8pCiKFoA
0	477	1640207769.373781	CAESFwAAAADodBMAQWlAaQIAAQA3QWK0TUwPKIX36NCdvcqe5QFaAA==
1	473	1640207769.381542	CAESFwAAAAB5dhMAQGlCaQIAAAA3MpoEhwYQKIHY5cPryMqGIFoA
0	478	1640207769.414689	CAESFwAAAACUMxMAQmlBaQIAAQA3Uq7qTUwPKKTry/nCo87kOFoA
1	474	1640207769.416613	CAESFwAAAAD/ZxMAQWlCaQIAAAA3QWK0hwYQKKeO3K/+voWwC1oA
0	479	1640207769.458178	CAESFwAAAAA1VRMAQ2lCaQIAAQA3YTWQTUwPKI3n9+eyyKbd1AFaAA==
1	475	1640207769.464871	CAESFwAAAACwIBMAQmlEaQIAAAA3Uq7qhwYQKLDTvdubxqeBWVoA
0	480	1640207769.498934	CAESFwAAAABdRRMARGlDaQIAAQA3coUVTUwPKOmI+u6Niqr+hAFaAA==
1	476	1640207769.516395	CAESFwAAAABRQhMAQ2lFaQIAAAA3YTWQhwYQKNX9rMvgs9TJS1oA
0	481	1640207769.5416	CAESFwAAAAAGchMARWlEaQIAAQA3gfi6TUwPKKSR2v2kgsP+OloA
1	477	1640207769.548521	CAESFwAAAAB5MhMARGlGaQIAAAA3coUVhwYQKKmxzIjC9cj98AFaAA==
0	482	1640207769.582453	CAESFwAAAAAp6RMARmlFaQIAAQA3kivaTUwPKOib1P/V0bGhoQFaAA==
1	478	1640207769.598795	CAESFwAAAAAiXxMARWlHaQIAAAA3gfi6hwYQKIuKgNG5oaf9jgFaAA==
0	483	1640207769.625677	CAESFwAAAACD0xMAR2lGaQIAAQA3oeLNTUwPKOHlzcDC9MLVS1oA
1	479	1640207769.632108	CAESFwAAAABF1hMARmlIaQIAAAA3kivahwYQKPKgjJq77sGNvwFaAA==
0	484	1640207769.665912	CAESFwAAAABwtxMASGlHaQIAAQA3slR4TUwPKIKrx8jGg4+nDloA
1	480	1640207769.681968	CAESFwAAAACfwBMAR2lJaQIAAAA3oeLNhwYQKIO3m+DL0vigrAFaAA==
1	481	1640207769.716278	CAESFwAAAACHqhMASGlJaQIAAAA3slR4hwYQKMGxpanBjcG3PFoA
0	485	1640207769.719854	CAESFwAAAADxAhMASWlJaQIAAQA3wXJ8TUwPKOyngrKznpzssQFaAA==
0	486	1640207769.753811	CAESFwAAAABpgRMASmlJaQIAAQA30kyZTUwPKMOVx9TP68WvuAFaAA==
1	482	1640207769.76527	CAESFwAAAAAJ9BMASWlLaQIAAAA3wXJ8hwYQKMqImfHRx+/RLFoA
1	483	1640207769.798707	CAESFwAAAACAdBMASmlLaQIAAAA30kyZhwYQKLj/9dn8yYzHiwFaAA==
0	487	1640207769.803224	CAESFwAAAAAw6xMAS2lLaQIAAQA34ZkJTUwPKJCX7InviOjPjwFaAA==
0	488	1640207769.836541	CAESFwAAAAAI6RMATGlLaQIAAQA38uLXTUwPKNa1sZ2kh+zo6AFaAA==
1	484	1640207769.84867	CAESFwAAAABH3hMAS2lNaQIAAAA34ZkJhwYQKKCkspmy26rXSloA
1	485	1640207769.881532	CAESFwAAAADEPRMATGlNaQIAAAA38uLXgQYQKLTxi7zh9vPXI1oA
0	489	1640207769.88697	CAESFwAAAABvmxMATWlNaQIAAQA3AeKtTUwPKO6/ocHN47uDVUiOwe2Lqvj0AloJMMDRyqUBOOAv
1	486	1640207769.898437	CAEYACAASI7B7Yuq+PQCWgsoADDA0cqlATjgL2AJ
0	490	1640207769.920193	CAESFwAAAAD1dxMATmlNaQIAAQA3Es1OTUwPKIKRkdCBs9mC7QFIvsTvi6r49AJaCTDA0cqlATjgLw==
1	487	1640207769.931654	CAEYACAASL7E74uq+PQCWgsoADDA0cqlATjgL2AJ
1	488	1640207769.931659	CAESFwAAAAAs7hMATWlPaQIAAAA3AeKtgQYQKK+Aq/qW64TuuQFaAA==
1	489	1640207769.964807	CAESFwAAAACyyhMATmlPaQIAAAA3Es1OgQYQKIiHw6KFwKGPpgFaAA==
0	491	1640207769.970255	CAESFwAAAACmAhMAT2lPaQIAAQA3IaQqTUwPKL7wkP7do8Gkbkjqy/KLqvj0AloJMMDRyqUBOOAv
1	490	1640207769.981446	CAEYACAASOrL8ouq+PQCWgsoADDA0cqlATjgL2AJ
0	492	1640207770.00408	CAESFwAAAAA/lRMAUGlPaQIAAQA3MnQcTUwPKLnylLm33o7RY0ib1PSLqvj0AloJMMDRyqUBOOAv
1	491	1640207770.014913	CAEYACAASJvU9Iuq+PQCWgsoADDA0cqlATjgL2AJ
1	492	1640207770.014917	CAESFwAAAABjVRMAT2lRaQIAAAA3IaQqgQYQKKKF85fT142trwFaAA==
1	493	1640207770.048032	CAESFwAAAAD76BMAUGlRaQIAAAA3MnQcgQYQKKL53+LqieOjQloA
0	493	1640207770.053194	CAESFwAAAACwEhMAUWlRaQIAAQA3QcTLTUwPKJKSudDYxrXQigFaAA==
0	494	1640207770.086469	CAESFwAAAACf5BMAUmlRaQIAAQA3UhCsTUwPKJSMh4TVyZbN3AFaAA==
1	494	1640207770.099145	CAESFwAAAABtZRMAUWlTaQIAAAA3QcTLgQYQKPGXu7PYoZHoCFoA
1	495	1640207770.13234	CAESFwAAAABcOBMAUmlTaQIAAAA3UhCsgQYQKKDpgcuV07fthwFaAA==
0	495	1640207770.137999	CAESFwAAAACRbBMAU2lTaQIAAQA3YT7yTUwPKI/H3O3Ql6CSuQFaAA==
0	496	1640207770.170628	CAESFwAAAABPihMAVGlTaQIAAQA3ck31TUwPKK/j9pnhuNWJ2QFaAA==
1	496	1640207770.182168	CAESFwAAAABOvxMAU2lVaQIAAAA3YT7ygQYQKIr7lcn9rpqmQ1oA
1	497	1640207770.216942	CAESFwAAAAAM3RMAVGlVaQIAAAA3ck31gQYQKPXc3bmt4MKZKVoA
0	497	1640207770.219717	CAESFwAAAACtURMAVWlVaQIAAQA3gatgTUwPKLH0sPrOrbvStAFaAA==
0	498	1640207770.261213	CAESFwAAAAC0MRMAVmlVaQIAAQA3ktY8TUwPKIvWwP6Fy/65jQFaAA==
1	498	1640207770.265611	CAESFwAAAABlqhMAVWlWaQIAAAA3gatggQYQKP6rwO6G2eavK1oA
1	499	1640207770.299163	CAESFwAAAABxhBMAVmlXaQIAAAA3ktY8gQYQKJTur82A3dzgzgFaAA==
0	499	1640207770.302514	CAESFwAAAABe0hMAV2lXaQIAAQA3odPhTUwPKIfI8O7ku7WIfloA
0	500	1640207770.341404	CAESFwAAAAD1BxMAWGlXaQIAAQA3suntTUwPKJHJwZ/Bk/Gv/AFaAA==
1	500	1640207770.349017	CAESFwAAAAAbJhMAV2lZaQIAAAA3odPhgQYQKMXjq4muoOyWgAFaAA==
0	501	1640207770.38677	CAESFwAAAABeWhMAWWlYaQIAAQA3wQsATUwPKLydxYTSyMPEAloA
1	501	1640207770.39902	CAESFwAAAAC3VBMAWGlaaQIAAAA3suntgQYQKI/929iv0dv4ogFaAA==
0	502	1640207770.422908	CAESFwAAAAAryBMAWmlZaQIAAQA30srxTUwPKM3Bi/DNgdLLugFaAA==
1	502	1640207770.432597	CAESFwAAAAAgpxMAWWlbaQIAAAA3wQsAgQYQKPb9sZOJ4dbQQ1oA
0	503	1640207770.465222	CAESFwAAAACLkRMAW2laaQIAAQA34feKTUwPKO/Wg7b+w5XySFoA
1	503	1640207770.482637	CAESFwAAAADsFhMAWmlcaQIAAAA30srxgQYQKJv8n5mZlPif1gFaAA==
0	504	1640207770.507702	CAESFwAAAACZ2BMAXGlbaQIAAQA38gkRTUwPKPuaxNuiu73pJloA
1	504	1640207770.516723	CAESFwAAAABN3hMAW2ldaQIAAAA34feKgQYQKJuitYLk/+mOC1oA
0	505	1640207770.554516	CAESFwAAAADIRhMAXWlcaQIAAQA3ARlUTUwPKMeVn9/14unifVoA
1	505	1640207770.565282	CAESFwAAAABbJhMAXGleaQIAAAA38gkRgQYQKOrY/teO+cjZmAFaAA==
0	506	1640207770.59172	CAESFwAAAAAHxxMAXmldaQIAAQA3EihyTUwPKKOEg/Kl+YX2RVoA
1	506	1640207770.599843	CAESFwAAAACKkxMAXWlfaQIAAAA3ARlUgQYQKPfn/obg1paHhAFaAA==
0	507	1640207770.636878	CAESFwAAAAD8hBMAX2leaQIAAQA3ITqcTUwPKPyEo8S1t7qtN1oA
1	507	1640207770.64893	CAESFwAAAADIFRMAXmlgaQIAAAA3EihygQYQKMbh2cTHgs/6jgFaAA==
1	508	1640207770.682344	CAESFwAAAAC51xMAX2lgaQIAAAA3ITqcgQYQKKPKwe+6+tzAlAFaAA==
0	508	1640207770.686544	CAESFwAAAAB8eRMAYGlgaQIAAQA3Mh0xTUwPKJarsaTMq5qi5gFaAA==
0	509	1640207770.721758	CAESFwAAAABJshMAYWlgaQIAAQA3QdJlTUwPKKqC+4alpoCulAFaAA==
1	509	1640207770.732719	CAESFwAAAAA5zBMAYGliaQIAAAA3Mh0xgQYQKOTN0oefucjT5gFaAA==
0	510	1640207770.759426	CAESFwAAAADstRMAYmlhaQIAAQA3UtuiTUwPKNuwt5qOyMCpf1oA
1	510	1640207770.765465	CAESFwAAAAAL/xMAYWljaQIAAAA3QdJlgQYQKO2Uz723mP2DM1oA
0	511	1640207770.80374	CAESFwAAAAAnjRMAY2liaQIAAQA3YXLoTUwPKOvVrbCg4dPDeFoA
1	511	1640207770.81662	CAESFwAAAACuAxMAYmlkaQIAAAA3UtuigQYQKJf23Zy33/PddFoA
1	512	1640207770.849291	CAESFwAAAADj4BMAY2lkaQIAAAA3YXLogQYQKK+twtKl38y4b1oA
0	512	1640207770.853238	CAESFAAAAACrwRAA+QIBAwAEAQB8AQAAKKH1qund0Ozmd1oA
0	513	1640207770.853474	CAESFwAAAAARlhMAZGlkaQIAAQA3cv9UTUwPKKWg/qD73L7IiwFaAA==
1	513	1640207770.865377	CAESFAAAAACfzBAAAQP6AgAFAAB8AQAAKLbRicCfiNihqgFaAA==
0	514	1640207770.886852	CAESFwAAAADObBMAZWlkaQIAAQA3gQepTUwPKL+D5pmJmenxBFoA
1	514	1640207770.899283	CAESFwAAAADN6RMAZGlmaQIAAAA3cv9UgQYQKLiQz7H+2bqs+AFaAA==
0	515	1640207770.919834	CAESEAAAAABNmgwAAgMCAwAAAQEopJWOydSTpNK4AVoA
0	516	1640207770.926073	CAESFwAAAABm+hMAZmllaQIAAQA3kiNUTUwPKPGGuKTcmrjoU1oA
1	515	1640207770.932719	CAESFwAAAACQuRMAZWlnaQIAAAA3gQepgQYQKJvO7M6fnPimJVoA
0	517	1640207770.970029	CAESFwAAAACvyhMAZ2lmaQIAAQA3oUgFTUwPKNyR0J+n2pnBTloA
1	516	1640207770.982525	CAESFwAAAAAoSBMAZmloaQIAAAA3kiNUgQYQKIm1yJiehfHvsAFaAA==
0	518	1640207771.009826	CAESFwAAAAA+hBMAaGlnaQIAAQA3so9iTUwPKPW53+aRg4XcgAFaAA==
1	517	1640207771.01573	CAESFAAAAACa0RAAAgP6AgAEAAB8AQAAKPrX4e6w/uvpE1oA
0	519	1640207771.016377	CAESFAAAAADAqBAA+gIDAwAFAQB8AQAAKInr6a/dz5Lg/AFaAA==
1	518	1640207771.016997	CAESFwAAAABxGBMAZ2lpaQIAAAA3oUgFgQYQKIiFtZi+ifmQ1gFaAA==
0	520	1640207771.054023	CAESFwAAAAAFohMAaWloaQIAAQA3wRLpTUwPKMOv5Z3xpI2fQ1oA
1	519	1640207771.065455	CAESEAAAAAAK7AwA+wL7AgAAAAEo+KDZsq+o7pK3AVoA
1	520	1640207771.065461	CAESFwAAAAD/0RMAaGlqaQIAAAA3so9igQYQKOHw/p/Mr8+STVoA
0	521	1640207771.096615	CAESFwAAAADAiBMAamlpaQIAAQA30kn9TUwPKNm/4KboyuKklAFaAA==
1	521	1640207771.098955	CAESFwAAAADB9RMAaWlqaQIAAAA3wRLpgQYQKPPqopWKpZjxywFaAA==
0	522	1640207771.137289	CAESFwAAAAAMWxMAa2lqaQIAAQA34SbxTUwPKIftjfjdz9KFqAFaAA==
1	522	1640207771.150211	CAESFwAAAACC1RMAamlsaQIAAAA30kn9gQYQKJ6MiMmGoabqI1oA
1	523	1640207771.183065	CAESFwAAAADIrhMAa2lsaQIAAAA34SbxgQYQKLTxt/jf+8+24QFaAA==
0	523	1640207771.186916	CAESFwAAAACiAxMAbGlsaQIAAQA38ujcTUwPKMb9kIGq3sTNIloA
